-- MySQL Administrator dump 1.4
--
-- ------------------------------------------------------
-- Server version	5.1.44-community


/*!40101 SET @OLD_CHARACTER_SET_CLIENT=@@CHARACTER_SET_CLIENT */;
/*!40101 SET @OLD_CHARACTER_SET_RESULTS=@@CHARACTER_SET_RESULTS */;
/*!40101 SET @OLD_COLLATION_CONNECTION=@@COLLATION_CONNECTION */;
/*!40101 SET NAMES utf8 */;

/*!40014 SET @OLD_UNIQUE_CHECKS=@@UNIQUE_CHECKS, UNIQUE_CHECKS=0 */;
/*!40014 SET @OLD_FOREIGN_KEY_CHECKS=@@FOREIGN_KEY_CHECKS, FOREIGN_KEY_CHECKS=0 */;
/*!40101 SET @OLD_SQL_MODE=@@SQL_MODE, SQL_MODE='NO_AUTO_VALUE_ON_ZERO' */;


--
-- Create schema finantial
--

CREATE DATABASE IF NOT EXISTS finantial;
USE finantial;

--
-- Definition of table `finantial_month`
--

DROP TABLE IF EXISTS `finantial_month`;
CREATE TABLE `finantial_month` (
  `DATE` date NOT NULL,
  `TITLE` varchar(255) DEFAULT NULL,
  `FINANTIALYEAR_ID` bigint(20) DEFAULT NULL,
  PRIMARY KEY (`DATE`),
  KEY `FK_finantial_month_FINANTIALYEAR_ID` (`FINANTIALYEAR_ID`),
  CONSTRAINT `FK_finantial_month_FINANTIALYEAR_ID` FOREIGN KEY (`FINANTIALYEAR_ID`) REFERENCES `finantial_year` (`ID`)
) ENGINE=InnoDB DEFAULT CHARSET=latin1;

--
-- Dumping data for table `finantial_month`
--

/*!40000 ALTER TABLE `finantial_month` DISABLE KEYS */;
INSERT INTO `finantial_month` (`DATE`,`TITLE`,`FINANTIALYEAR_ID`) VALUES 
 ('2010-01-01','tabyear.label.jan',251),
 ('2010-02-01','tabyear.label.fev',251),
 ('2010-03-01','tabyear.label.mar',251),
 ('2010-04-01','tabyear.label.abr',251),
 ('2010-05-01','tabyear.label.mai',251),
 ('2010-06-01','tabyear.label.jun',251),
 ('2010-07-01','tabyear.label.jul',251),
 ('2010-08-01','tabyear.label.ago',251),
 ('2010-09-01','tabyear.label.set',251),
 ('2010-10-01','tabyear.label.out',251),
 ('2010-11-01','tabyear.label.nov',251),
 ('2010-12-01','tabyear.label.dez',251),
 ('2011-01-01','tabyear.label.jan',252),
 ('2011-02-01','tabyear.label.fev',252),
 ('2011-03-01','tabyear.label.mar',252),
 ('2011-04-01','tabyear.label.abr',252),
 ('2011-05-01','tabyear.label.mai',252),
 ('2011-06-01','tabyear.label.jun',252),
 ('2011-07-01','tabyear.label.jul',252),
 ('2011-08-01','tabyear.label.ago',252),
 ('2011-09-01','tabyear.label.set',252),
 ('2011-10-01','tabyear.label.out',252),
 ('2011-11-01','tabyear.label.nov',252),
 ('2011-12-01','tabyear.label.dez',252),
 ('2012-01-01','tabyear.label.jan',253),
 ('2012-02-01','tabyear.label.fev',253),
 ('2012-03-01','tabyear.label.mar',253),
 ('2012-04-01','tabyear.label.abr',253),
 ('2012-05-01','tabyear.label.mai',253),
 ('2012-06-01','tabyear.label.jun',253),
 ('2012-07-01','tabyear.label.jul',253),
 ('2012-08-01','tabyear.label.ago',253),
 ('2012-09-01','tabyear.label.set',253),
 ('2012-10-01','tabyear.label.out',253),
 ('2012-11-01','tabyear.label.nov',253),
 ('2012-12-01','tabyear.label.dez',253),
 ('2013-01-01','tabyear.label.jan',254),
 ('2013-02-01','tabyear.label.fev',254),
 ('2013-03-01','tabyear.label.mar',254),
 ('2013-04-01','tabyear.label.abr',254),
 ('2013-05-01','tabyear.label.mai',254),
 ('2013-06-01','tabyear.label.jun',254),
 ('2013-07-01','tabyear.label.jul',254),
 ('2013-08-01','tabyear.label.ago',254),
 ('2013-09-01','tabyear.label.set',254),
 ('2013-10-01','tabyear.label.out',254),
 ('2013-11-01','tabyear.label.nov',254),
 ('2013-12-01','tabyear.label.dez',254),
 ('2014-01-01','tabyear.label.jan',255),
 ('2014-02-01','tabyear.label.fev',255),
 ('2014-03-01','tabyear.label.mar',255),
 ('2014-04-01','tabyear.label.abr',255),
 ('2014-05-01','tabyear.label.mai',255),
 ('2014-06-01','tabyear.label.jun',255),
 ('2014-07-01','tabyear.label.jul',255),
 ('2014-08-01','tabyear.label.ago',255),
 ('2014-09-01','tabyear.label.set',255),
 ('2014-10-01','tabyear.label.out',255),
 ('2014-11-01','tabyear.label.nov',255),
 ('2014-12-01','tabyear.label.dez',255),
 ('2015-01-01','tabyear.label.jan',256),
 ('2015-02-01','tabyear.label.fev',256),
 ('2015-03-01','tabyear.label.mar',256),
 ('2015-04-01','tabyear.label.abr',256),
 ('2015-05-01','tabyear.label.mai',256),
 ('2015-06-01','tabyear.label.jun',256),
 ('2015-07-01','tabyear.label.jul',256),
 ('2015-08-01','tabyear.label.ago',256),
 ('2015-09-01','tabyear.label.set',256),
 ('2015-10-01','tabyear.label.out',256),
 ('2015-11-01','tabyear.label.nov',256),
 ('2015-12-01','tabyear.label.dez',256),
 ('2016-01-01','tabyear.label.jan',257),
 ('2016-02-01','tabyear.label.fev',257),
 ('2016-03-01','tabyear.label.mar',257),
 ('2016-04-01','tabyear.label.abr',257),
 ('2016-05-01','tabyear.label.mai',257),
 ('2016-06-01','tabyear.label.jun',257),
 ('2016-07-01','tabyear.label.jul',257),
 ('2016-08-01','tabyear.label.ago',257),
 ('2016-09-01','tabyear.label.set',257),
 ('2016-10-01','tabyear.label.out',257),
 ('2016-11-01','tabyear.label.nov',257),
 ('2016-12-01','tabyear.label.dez',257),
 ('2017-01-01','tabyear.label.jan',258),
 ('2017-02-01','tabyear.label.fev',258),
 ('2017-03-01','tabyear.label.mar',258),
 ('2017-04-01','tabyear.label.abr',258),
 ('2017-05-01','tabyear.label.mai',258),
 ('2017-06-01','tabyear.label.jun',258),
 ('2017-07-01','tabyear.label.jul',258),
 ('2017-08-01','tabyear.label.ago',258),
 ('2017-09-01','tabyear.label.set',258),
 ('2017-10-01','tabyear.label.out',258),
 ('2017-11-01','tabyear.label.nov',258),
 ('2017-12-01','tabyear.label.dez',258),
 ('2018-01-01','tabyear.label.jan',259),
 ('2018-02-01','tabyear.label.fev',259),
 ('2018-03-01','tabyear.label.mar',259),
 ('2018-04-01','tabyear.label.abr',259),
 ('2018-05-01','tabyear.label.mai',259),
 ('2018-06-01','tabyear.label.jun',259),
 ('2018-07-01','tabyear.label.jul',259),
 ('2018-08-01','tabyear.label.ago',259),
 ('2018-09-01','tabyear.label.set',259),
 ('2018-10-01','tabyear.label.out',259),
 ('2018-11-01','tabyear.label.nov',259),
 ('2018-12-01','tabyear.label.dez',259),
 ('2019-01-01','tabyear.label.jan',260),
 ('2019-02-01','tabyear.label.fev',260),
 ('2019-03-01','tabyear.label.mar',260),
 ('2019-04-01','tabyear.label.abr',260),
 ('2019-05-01','tabyear.label.mai',260),
 ('2019-06-01','tabyear.label.jun',260),
 ('2019-07-01','tabyear.label.jul',260),
 ('2019-08-01','tabyear.label.ago',260),
 ('2019-09-01','tabyear.label.set',260),
 ('2019-10-01','tabyear.label.out',260),
 ('2019-11-01','tabyear.label.nov',260),
 ('2019-12-01','tabyear.label.dez',260),
 ('2020-01-01','tabyear.label.jan',261),
 ('2020-02-01','tabyear.label.fev',261),
 ('2020-03-01','tabyear.label.mar',261),
 ('2020-04-01','tabyear.label.abr',261),
 ('2020-05-01','tabyear.label.mai',261),
 ('2020-06-01','tabyear.label.jun',261),
 ('2020-07-01','tabyear.label.jul',261),
 ('2020-08-01','tabyear.label.ago',261),
 ('2020-09-01','tabyear.label.set',261),
 ('2020-10-01','tabyear.label.out',261),
 ('2020-11-01','tabyear.label.nov',261),
 ('2020-12-01','tabyear.label.dez',261),
 ('2021-01-01','tabyear.label.jan',262),
 ('2021-02-01','tabyear.label.fev',262),
 ('2021-03-01','tabyear.label.mar',262),
 ('2021-04-01','tabyear.label.abr',262),
 ('2021-05-01','tabyear.label.mai',262),
 ('2021-06-01','tabyear.label.jun',262),
 ('2021-07-01','tabyear.label.jul',262),
 ('2021-08-01','tabyear.label.ago',262),
 ('2021-09-01','tabyear.label.set',262),
 ('2021-10-01','tabyear.label.out',262),
 ('2021-11-01','tabyear.label.nov',262),
 ('2021-12-01','tabyear.label.dez',262),
 ('2022-01-01','tabyear.label.jan',263),
 ('2022-02-01','tabyear.label.fev',263),
 ('2022-03-01','tabyear.label.mar',263),
 ('2022-04-01','tabyear.label.abr',263),
 ('2022-05-01','tabyear.label.mai',263),
 ('2022-06-01','tabyear.label.jun',263),
 ('2022-07-01','tabyear.label.jul',263),
 ('2022-08-01','tabyear.label.ago',263),
 ('2022-09-01','tabyear.label.set',263),
 ('2022-10-01','tabyear.label.out',263),
 ('2022-11-01','tabyear.label.nov',263),
 ('2022-12-01','tabyear.label.dez',263),
 ('2023-01-01','tabyear.label.jan',264),
 ('2023-02-01','tabyear.label.fev',264),
 ('2023-03-01','tabyear.label.mar',264),
 ('2023-04-01','tabyear.label.abr',264),
 ('2023-05-01','tabyear.label.mai',264),
 ('2023-06-01','tabyear.label.jun',264),
 ('2023-07-01','tabyear.label.jul',264),
 ('2023-08-01','tabyear.label.ago',264),
 ('2023-09-01','tabyear.label.set',264),
 ('2023-10-01','tabyear.label.out',264),
 ('2023-11-01','tabyear.label.nov',264),
 ('2023-12-01','tabyear.label.dez',264),
 ('2024-01-01','tabyear.label.jan',265),
 ('2024-02-01','tabyear.label.fev',265),
 ('2024-03-01','tabyear.label.mar',265),
 ('2024-04-01','tabyear.label.abr',265),
 ('2024-05-01','tabyear.label.mai',265),
 ('2024-06-01','tabyear.label.jun',265),
 ('2024-07-01','tabyear.label.jul',265),
 ('2024-08-01','tabyear.label.ago',265),
 ('2024-09-01','tabyear.label.set',265),
 ('2024-10-01','tabyear.label.out',265),
 ('2024-11-01','tabyear.label.nov',265),
 ('2024-12-01','tabyear.label.dez',265),
 ('2025-01-01','tabyear.label.jan',266),
 ('2025-02-01','tabyear.label.fev',266),
 ('2025-03-01','tabyear.label.mar',266),
 ('2025-04-01','tabyear.label.abr',266),
 ('2025-05-01','tabyear.label.mai',266),
 ('2025-06-01','tabyear.label.jun',266),
 ('2025-07-01','tabyear.label.jul',266),
 ('2025-08-01','tabyear.label.ago',266),
 ('2025-09-01','tabyear.label.set',266),
 ('2025-10-01','tabyear.label.out',266),
 ('2025-11-01','tabyear.label.nov',266),
 ('2025-12-01','tabyear.label.dez',266),
 ('2026-01-01','tabyear.label.jan',267),
 ('2026-02-01','tabyear.label.fev',267),
 ('2026-03-01','tabyear.label.mar',267),
 ('2026-04-01','tabyear.label.abr',267),
 ('2026-05-01','tabyear.label.mai',267),
 ('2026-06-01','tabyear.label.jun',267),
 ('2026-07-01','tabyear.label.jul',267),
 ('2026-08-01','tabyear.label.ago',267),
 ('2026-09-01','tabyear.label.set',267),
 ('2026-10-01','tabyear.label.out',267),
 ('2026-11-01','tabyear.label.nov',267),
 ('2026-12-01','tabyear.label.dez',267),
 ('2027-01-01','tabyear.label.jan',268),
 ('2027-02-01','tabyear.label.fev',268),
 ('2027-03-01','tabyear.label.mar',268),
 ('2027-04-01','tabyear.label.abr',268),
 ('2027-05-01','tabyear.label.mai',268),
 ('2027-06-01','tabyear.label.jun',268),
 ('2027-07-01','tabyear.label.jul',268),
 ('2027-08-01','tabyear.label.ago',268),
 ('2027-09-01','tabyear.label.set',268),
 ('2027-10-01','tabyear.label.out',268),
 ('2027-11-01','tabyear.label.nov',268),
 ('2027-12-01','tabyear.label.dez',268),
 ('2028-01-01','tabyear.label.jan',269),
 ('2028-02-01','tabyear.label.fev',269),
 ('2028-03-01','tabyear.label.mar',269),
 ('2028-04-01','tabyear.label.abr',269),
 ('2028-05-01','tabyear.label.mai',269),
 ('2028-06-01','tabyear.label.jun',269),
 ('2028-07-01','tabyear.label.jul',269),
 ('2028-08-01','tabyear.label.ago',269),
 ('2028-09-01','tabyear.label.set',269),
 ('2028-10-01','tabyear.label.out',269),
 ('2028-11-01','tabyear.label.nov',269),
 ('2028-12-01','tabyear.label.dez',269),
 ('2029-01-01','tabyear.label.jan',270),
 ('2029-02-01','tabyear.label.fev',270),
 ('2029-03-01','tabyear.label.mar',270),
 ('2029-04-01','tabyear.label.abr',270),
 ('2029-05-01','tabyear.label.mai',270),
 ('2029-06-01','tabyear.label.jun',270),
 ('2029-07-01','tabyear.label.jul',270),
 ('2029-08-01','tabyear.label.ago',270),
 ('2029-09-01','tabyear.label.set',270),
 ('2029-10-01','tabyear.label.out',270),
 ('2029-11-01','tabyear.label.nov',270),
 ('2029-12-01','tabyear.label.dez',270),
 ('2030-01-01','tabyear.label.jan',271),
 ('2030-02-01','tabyear.label.fev',271),
 ('2030-03-01','tabyear.label.mar',271),
 ('2030-04-01','tabyear.label.abr',271),
 ('2030-05-01','tabyear.label.mai',271),
 ('2030-06-01','tabyear.label.jun',271),
 ('2030-07-01','tabyear.label.jul',271),
 ('2030-08-01','tabyear.label.ago',271),
 ('2030-09-01','tabyear.label.set',271),
 ('2030-10-01','tabyear.label.out',271),
 ('2030-11-01','tabyear.label.nov',271),
 ('2030-12-01','tabyear.label.dez',271);
/*!40000 ALTER TABLE `finantial_month` ENABLE KEYS */;


--
-- Definition of table `finantial_year`
--

DROP TABLE IF EXISTS `finantial_year`;
CREATE TABLE `finantial_year` (
  `ID` bigint(20) NOT NULL,
  `TITLE` varchar(255) DEFAULT NULL,
  PRIMARY KEY (`ID`)
) ENGINE=InnoDB DEFAULT CHARSET=latin1;

--
-- Dumping data for table `finantial_year`
--

/*!40000 ALTER TABLE `finantial_year` DISABLE KEYS */;
INSERT INTO `finantial_year` (`ID`,`TITLE`) VALUES 
 (251,'2010'),
 (252,'2011'),
 (253,'2012'),
 (254,'2013'),
 (255,'2014'),
 (256,'2015'),
 (257,'2016'),
 (258,'2017'),
 (259,'2018'),
 (260,'2019'),
 (261,'2020'),
 (262,'2021'),
 (263,'2022'),
 (264,'2023'),
 (265,'2024'),
 (266,'2025'),
 (267,'2026'),
 (268,'2027'),
 (269,'2028'),
 (270,'2029'),
 (271,'2030');
/*!40000 ALTER TABLE `finantial_year` ENABLE KEYS */;


--
-- Definition of table `income`
--

DROP TABLE IF EXISTS `income`;
CREATE TABLE `income` (
  `ID` bigint(20) NOT NULL,
  `DESCRIPTION` varchar(255) CHARACTER SET latin1 DEFAULT NULL,
  `VALUE` double DEFAULT NULL,
  `DATE` date DEFAULT NULL,
  `USER_ID` bigint(20) DEFAULT NULL,
  `FINANTIALMONTH_DATE` date DEFAULT NULL,
  `TYPE_ID` bigint(20) DEFAULT NULL,
  PRIMARY KEY (`ID`),
  KEY `FK_income_USER_ID` (`USER_ID`),
  KEY `FK_income_TYPE_ID` (`TYPE_ID`),
  KEY `FK_income_FINANTIALMONTH_DATE` (`FINANTIALMONTH_DATE`),
  CONSTRAINT `FK_income_FINANTIALMONTH_DATE` FOREIGN KEY (`FINANTIALMONTH_DATE`) REFERENCES `finantial_month` (`DATE`),
  CONSTRAINT `FK_income_TYPE_ID` FOREIGN KEY (`TYPE_ID`) REFERENCES `income_type` (`ID`),
  CONSTRAINT `FK_income_USER_ID` FOREIGN KEY (`USER_ID`) REFERENCES `user` (`ID`)
) ENGINE=InnoDB DEFAULT CHARSET=utf8;

--
-- Dumping data for table `income`
--

/*!40000 ALTER TABLE `income` DISABLE KEYS */;
INSERT INTO `income` (`ID`,`DESCRIPTION`,`VALUE`,`DATE`,`USER_ID`,`FINANTIALMONTH_DATE`,`TYPE_ID`) VALUES 
 (2,NULL,NULL,NULL,NULL,NULL,NULL),
 (251,NULL,NULL,'2010-08-02',1,'2010-08-01',4),
 (601,'rwer',125,'2010-01-04',1,'2010-01-01',1),
 (602,'wfs',345,'2010-04-15',1,'2010-04-01',2),
 (653,NULL,NULL,'2011-01-19',1,'2011-01-01',4),
 (751,NULL,NULL,'2010-03-17',1,'2010-03-01',1),
 (1001,'receita',666,'2010-07-14',1,'2010-07-01',4),
 (1051,'fsdfds',23234,'2010-09-08',1,'2010-09-01',1),
 (1251,'effsdf',4545,'2015-06-12',1,'2015-06-01',1),
 (1252,'dfsf',4545,'2010-08-27',1,'2010-08-01',1),
 (1646,'teste de carga 2',6666666,'2010-02-01',1,'2010-02-01',1),
 (1647,'teste de carga 2',6666666,'2010-03-01',1,'2010-03-01',1),
 (1648,'teste de carga 2',6666666,'2010-04-01',1,'2010-04-01',1),
 (1649,'teste de carga 2',6666666,'2010-05-01',1,'2010-05-01',1),
 (1650,'teste de carga 2',6666666,'2010-06-01',1,'2010-06-01',1),
 (1651,'teste de carga 2',6666666,'2010-07-01',1,'2010-07-01',1),
 (1652,'teste de carga 2',6666666,'2010-08-01',1,'2010-08-01',1),
 (1653,'teste de carga 2',6666666,'2010-09-01',1,'2010-09-01',1),
 (1654,'teste de carga 2',6666666,'2010-10-01',1,'2010-10-01',1),
 (1655,'teste de carga 2',6666666,'2010-11-01',1,'2010-11-01',1),
 (1656,'teste de carga 2',6666666,'2010-12-01',1,'2010-12-01',1),
 (1657,'teste de carga 2',6666666,'2011-01-01',1,'2011-01-01',1),
 (1658,'teste de carga 2',6666666,'2011-02-01',1,'2011-02-01',1),
 (1659,'teste de carga 2',6666666,'2011-03-01',1,'2011-03-01',1),
 (1660,'teste de carga 2',6666666,'2011-04-01',1,'2011-04-01',1),
 (1661,'teste de carga 2',6666666,'2011-05-01',1,'2011-05-01',1),
 (1662,'teste de carga 2',6666666,'2011-06-01',1,'2011-06-01',1),
 (1663,'teste de carga 2',6666666,'2011-07-01',1,'2011-07-01',1),
 (1664,'teste de carga 2',6666666,'2011-08-01',1,'2011-08-01',1),
 (1665,'teste de carga 2',6666666,'2011-09-01',1,'2011-09-01',1),
 (1666,'teste de carga 2',6666666,'2011-10-01',1,'2011-10-01',1),
 (1667,'teste de carga 2',6666666,'2011-11-01',1,'2011-11-01',1),
 (1668,'teste de carga 2',6666666,'2011-12-01',1,'2011-12-01',1),
 (1669,'teste de carga 2',6666666,'2012-01-01',1,'2012-01-01',1),
 (1670,'teste de carga 2',6666666,'2012-02-01',1,'2012-02-01',1),
 (1671,'teste de carga 2',6666666,'2012-03-01',1,'2012-03-01',1),
 (1672,'teste de carga 2',6666666,'2012-04-01',1,'2012-04-01',1),
 (1673,'teste de carga 2',6666666,'2012-05-01',1,'2012-05-01',1),
 (1674,'teste de carga 2',6666666,'2012-06-01',1,'2012-06-01',1),
 (1675,'teste de carga 2',6666666,'2012-07-01',1,'2012-07-01',1),
 (1676,'teste de carga 2',6666666,'2012-08-01',1,'2012-08-01',1),
 (1677,'teste de carga 2',6666666,'2012-09-01',1,'2012-09-01',1),
 (1678,'teste de carga 2',6666666,'2012-10-01',1,'2012-10-01',1),
 (1679,'teste de carga 2',6666666,'2012-11-01',1,'2012-11-01',1),
 (1680,'teste de carga 2',6666666,'2012-12-01',1,'2012-12-01',1),
 (1681,'teste de carga 2',6666666,'2013-01-01',1,'2013-01-01',1),
 (1682,'teste de carga 2',6666666,'2013-02-01',1,'2013-02-01',1),
 (1683,'teste de carga 2',6666666,'2013-03-01',1,'2013-03-01',1),
 (1684,'teste de carga 2',6666666,'2013-04-01',1,'2013-04-01',1),
 (1685,'teste de carga 2',6666666,'2013-05-01',1,'2013-05-01',1),
 (1686,'teste de carga 2',6666666,'2013-06-01',1,'2013-06-01',1),
 (1687,'teste de carga 2',6666666,'2013-07-01',1,'2013-07-01',1),
 (1688,'teste de carga 2',6666666,'2013-08-01',1,'2013-08-01',1),
 (1689,'teste de carga 2',6666666,'2013-09-01',1,'2013-09-01',1),
 (1690,'teste de carga 2',6666666,'2013-10-01',1,'2013-10-01',1),
 (1691,'teste de carga 2',6666666,'2013-11-01',1,'2013-11-01',1),
 (1692,'teste de carga 2',6666666,'2013-12-01',1,'2013-12-01',1),
 (1693,'teste de carga 2',6666666,'2014-01-01',1,'2014-01-01',1),
 (1694,'teste de carga 2',6666666,'2014-02-01',1,'2014-02-01',1),
 (1695,'teste de carga 2',6666666,'2014-03-01',1,'2014-03-01',1),
 (1696,'teste de carga 2',6666666,'2014-04-01',1,'2014-04-01',1),
 (1697,'teste de carga 2',6666666,'2014-05-01',1,'2014-05-01',1),
 (1698,'teste de carga 2',6666666,'2014-06-01',1,'2014-06-01',1),
 (1699,'teste de carga 2',6666666,'2014-07-01',1,'2014-07-01',1),
 (1700,'teste de carga 2',6666666,'2014-08-01',1,'2014-08-01',1),
 (1701,'teste de carga 2',6666666,'2014-09-01',1,'2014-09-01',1),
 (1702,'teste de carga 2',6666666,'2014-10-01',1,'2014-10-01',1),
 (1703,'teste de carga 2',6666666,'2014-11-01',1,'2014-11-01',1),
 (1704,'teste de carga 2',6666666,'2014-12-01',1,'2014-12-01',1),
 (1705,'teste de carga 2',6666666,'2015-01-01',1,'2015-01-01',1),
 (1706,'teste de carga 2',6666666,'2010-01-01',1,'2010-01-01',1),
 (1707,'teste de carga 3',6666666,'2010-02-01',1,'2010-02-01',1),
 (1708,'teste de carga 3',6666666,'2010-03-01',1,'2010-03-01',1),
 (1709,'teste de carga 3',6666666,'2010-04-01',1,'2010-04-01',1),
 (1710,'teste de carga 3',6666666,'2010-05-01',1,'2010-05-01',1),
 (1711,'teste de carga 3',6666666,'2010-06-01',1,'2010-06-01',1),
 (1712,'teste de carga 3',6666666,'2010-07-01',1,'2010-07-01',1),
 (1713,'teste de carga 3',6666666,'2010-08-01',1,'2010-08-01',1),
 (1714,'teste de carga 3',6666666,'2010-09-01',1,'2010-09-01',1),
 (1715,'teste de carga 3',6666666,'2010-10-01',1,'2010-10-01',1),
 (1716,'teste de carga 3',6666666,'2010-11-01',1,'2010-11-01',1),
 (1717,'teste de carga 3',6666666,'2010-12-01',1,'2010-12-01',1),
 (1718,'teste de carga 3',6666666,'2011-01-01',1,'2011-01-01',1),
 (1719,'teste de carga 3',6666666,'2011-02-01',1,'2011-02-01',1),
 (1720,'teste de carga 3',6666666,'2011-03-01',1,'2011-03-01',1),
 (1721,'teste de carga 3',6666666,'2011-04-01',1,'2011-04-01',1),
 (1722,'teste de carga 3',6666666,'2011-05-01',1,'2011-05-01',1),
 (1723,'teste de carga 3',6666666,'2011-06-01',1,'2011-06-01',1),
 (1724,'teste de carga 3',6666666,'2011-07-01',1,'2011-07-01',1),
 (1725,'teste de carga 3',6666666,'2011-08-01',1,'2011-08-01',1),
 (1726,'teste de carga 3',6666666,'2011-09-01',1,'2011-09-01',1),
 (1727,'teste de carga 3',6666666,'2011-10-01',1,'2011-10-01',1),
 (1728,'teste de carga 3',6666666,'2011-11-01',1,'2011-11-01',1),
 (1729,'teste de carga 3',6666666,'2011-12-01',1,'2011-12-01',1),
 (1730,'teste de carga 3',6666666,'2012-01-01',1,'2012-01-01',1),
 (1731,'teste de carga 3',6666666,'2012-02-01',1,'2012-02-01',1),
 (1732,'teste de carga 3',6666666,'2012-03-01',1,'2012-03-01',1),
 (1733,'teste de carga 3',6666666,'2012-04-01',1,'2012-04-01',1),
 (1734,'teste de carga 3',6666666,'2012-05-01',1,'2012-05-01',1),
 (1735,'teste de carga 3',6666666,'2012-06-01',1,'2012-06-01',1),
 (1736,'teste de carga 3',6666666,'2012-07-01',1,'2012-07-01',1),
 (1737,'teste de carga 3',6666666,'2012-08-01',1,'2012-08-01',1),
 (1738,'teste de carga 3',6666666,'2012-09-01',1,'2012-09-01',1),
 (1739,'teste de carga 3',6666666,'2012-10-01',1,'2012-10-01',1),
 (1740,'teste de carga 3',6666666,'2012-11-01',1,'2012-11-01',1),
 (1741,'teste de carga 3',6666666,'2012-12-01',1,'2012-12-01',1),
 (1742,'teste de carga 3',6666666,'2013-01-01',1,'2013-01-01',1),
 (1743,'teste de carga 3',6666666,'2013-02-01',1,'2013-02-01',1),
 (1744,'teste de carga 3',6666666,'2013-03-01',1,'2013-03-01',1),
 (1745,'teste de carga 3',6666666,'2013-04-01',1,'2013-04-01',1),
 (1746,'teste de carga 3',6666666,'2013-05-01',1,'2013-05-01',1),
 (1747,'teste de carga 3',6666666,'2013-06-01',1,'2013-06-01',1),
 (1748,'teste de carga 3',6666666,'2013-07-01',1,'2013-07-01',1),
 (1749,'teste de carga 3',6666666,'2013-08-01',1,'2013-08-01',1),
 (1750,'teste de carga 3',6666666,'2013-09-01',1,'2013-09-01',1),
 (1751,'teste de carga 3',6666666,'2013-10-01',1,'2013-10-01',1),
 (1752,'teste de carga 3',6666666,'2013-11-01',1,'2013-11-01',1),
 (1753,'teste de carga 3',6666666,'2013-12-01',1,'2013-12-01',1),
 (1754,'teste de carga 3',6666666,'2014-01-01',1,'2014-01-01',1),
 (1755,'teste de carga 3',6666666,'2014-02-01',1,'2014-02-01',1),
 (1756,'teste de carga 3',6666666,'2014-03-01',1,'2014-03-01',1),
 (1757,'teste de carga 3',6666666,'2014-04-01',1,'2014-04-01',1),
 (1758,'teste de carga 3',6666666,'2014-05-01',1,'2014-05-01',1),
 (1759,'teste de carga 3',6666666,'2014-06-01',1,'2014-06-01',1),
 (1760,'teste de carga 3',6666666,'2014-07-01',1,'2014-07-01',1),
 (1761,'teste de carga 3',6666666,'2014-08-01',1,'2014-08-01',1),
 (1762,'teste de carga 3',6666666,'2014-09-01',1,'2014-09-01',1),
 (1763,'teste de carga 3',6666666,'2014-10-01',1,'2014-10-01',1),
 (1764,'teste de carga 3',6666666,'2014-11-01',1,'2014-11-01',1),
 (1765,'teste de carga 3',6666666,'2014-12-01',1,'2014-12-01',1),
 (1766,'teste de carga 3',6666666,'2015-01-01',1,'2015-01-01',1),
 (1767,'teste de carga 3',6666666,'2010-01-01',1,'2010-01-01',1),
 (1768,'teste de carga 3',6666666,'2010-02-01',1,'2010-02-01',2),
 (1769,'teste de carga 3',6666666,'2010-03-01',1,'2010-03-01',2),
 (1770,'teste de carga 3',6666666,'2010-04-01',1,'2010-04-01',2),
 (1771,'teste de carga 3',6666666,'2010-05-01',1,'2010-05-01',2),
 (1772,'teste de carga 3',6666666,'2010-06-01',1,'2010-06-01',2),
 (1773,'teste de carga 3',6666666,'2010-07-01',1,'2010-07-01',2),
 (1774,'teste de carga 3',6666666,'2010-08-01',1,'2010-08-01',2),
 (1775,'teste de carga 3',6666666,'2010-09-01',1,'2010-09-01',2),
 (1776,'teste de carga 3',6666666,'2010-10-01',1,'2010-10-01',2),
 (1777,'teste de carga 3',6666666,'2010-11-01',1,'2010-11-01',2),
 (1778,'teste de carga 3',6666666,'2010-12-01',1,'2010-12-01',2),
 (1779,'teste de carga 3',6666666,'2011-01-01',1,'2011-01-01',2),
 (1780,'teste de carga 3',6666666,'2011-02-01',1,'2011-02-01',2),
 (1781,'teste de carga 3',6666666,'2011-03-01',1,'2011-03-01',2),
 (1782,'teste de carga 3',6666666,'2011-04-01',1,'2011-04-01',2),
 (1783,'teste de carga 3',6666666,'2011-05-01',1,'2011-05-01',2),
 (1784,'teste de carga 3',6666666,'2011-06-01',1,'2011-06-01',2),
 (1785,'teste de carga 3',6666666,'2011-07-01',1,'2011-07-01',2),
 (1786,'teste de carga 3',6666666,'2011-08-01',1,'2011-08-01',2),
 (1787,'teste de carga 3',6666666,'2011-09-01',1,'2011-09-01',2),
 (1788,'teste de carga 3',6666666,'2011-10-01',1,'2011-10-01',2),
 (1789,'teste de carga 3',6666666,'2011-11-01',1,'2011-11-01',2),
 (1790,'teste de carga 3',6666666,'2011-12-01',1,'2011-12-01',2),
 (1791,'teste de carga 3',6666666,'2012-01-01',1,'2012-01-01',2),
 (1792,'teste de carga 3',6666666,'2012-02-01',1,'2012-02-01',2),
 (1793,'teste de carga 3',6666666,'2012-03-01',1,'2012-03-01',2),
 (1794,'teste de carga 3',6666666,'2012-04-01',1,'2012-04-01',2),
 (1795,'teste de carga 3',6666666,'2012-05-01',1,'2012-05-01',2),
 (1796,'teste de carga 3',6666666,'2012-06-01',1,'2012-06-01',2),
 (1797,'teste de carga 3',6666666,'2012-07-01',1,'2012-07-01',2),
 (1798,'teste de carga 3',6666666,'2012-08-01',1,'2012-08-01',2),
 (1799,'teste de carga 3',6666666,'2012-09-01',1,'2012-09-01',2),
 (1800,'teste de carga 3',6666666,'2012-10-01',1,'2012-10-01',2),
 (1801,'teste de carga 3',6666666,'2012-11-01',1,'2012-11-01',2),
 (1802,'teste de carga 3',6666666,'2012-12-01',1,'2012-12-01',2),
 (1803,'teste de carga 3',6666666,'2013-01-01',1,'2013-01-01',2),
 (1804,'teste de carga 3',6666666,'2013-02-01',1,'2013-02-01',2),
 (1805,'teste de carga 3',6666666,'2013-03-01',1,'2013-03-01',2),
 (1806,'teste de carga 3',6666666,'2013-04-01',1,'2013-04-01',2),
 (1807,'teste de carga 3',6666666,'2013-05-01',1,'2013-05-01',2),
 (1808,'teste de carga 3',6666666,'2013-06-01',1,'2013-06-01',2),
 (1809,'teste de carga 3',6666666,'2013-07-01',1,'2013-07-01',2),
 (1810,'teste de carga 3',6666666,'2013-08-01',1,'2013-08-01',2),
 (1811,'teste de carga 3',6666666,'2013-09-01',1,'2013-09-01',2),
 (1812,'teste de carga 3',6666666,'2013-10-01',1,'2013-10-01',2),
 (1813,'teste de carga 3',6666666,'2013-11-01',1,'2013-11-01',2),
 (1814,'teste de carga 3',6666666,'2013-12-01',1,'2013-12-01',2),
 (1815,'teste de carga 3',6666666,'2014-01-01',1,'2014-01-01',2),
 (1816,'teste de carga 3',6666666,'2014-02-01',1,'2014-02-01',2),
 (1817,'teste de carga 3',6666666,'2014-03-01',1,'2014-03-01',2),
 (1818,'teste de carga 3',6666666,'2014-04-01',1,'2014-04-01',2),
 (1819,'teste de carga 3',6666666,'2014-05-01',1,'2014-05-01',2),
 (1820,'teste de carga 3',6666666,'2014-06-01',1,'2014-06-01',2),
 (1821,'teste de carga 3',6666666,'2014-07-01',1,'2014-07-01',2),
 (1822,'teste de carga 3',6666666,'2014-08-01',1,'2014-08-01',2),
 (1823,'teste de carga 3',6666666,'2014-09-01',1,'2014-09-01',2),
 (1824,'teste de carga 3',6666666,'2014-10-01',1,'2014-10-01',2),
 (1825,'teste de carga 3',6666666,'2014-11-01',1,'2014-11-01',2),
 (1826,'teste de carga 3',6666666,'2014-12-01',1,'2014-12-01',2),
 (1827,'teste de carga 3',6666666,'2015-01-01',1,'2015-01-01',2),
 (1828,'teste de carga 3',6666666,'2010-01-01',1,'2010-01-01',2),
 (1829,'teste de carga 3',6666666,'2010-02-01',1,'2010-02-01',3),
 (1830,'teste de carga 3',6666666,'2010-03-01',1,'2010-03-01',3),
 (1831,'teste de carga 3',6666666,'2010-04-01',1,'2010-04-01',3),
 (1832,'teste de carga 3',6666666,'2010-05-01',1,'2010-05-01',3),
 (1833,'teste de carga 3',6666666,'2010-06-01',1,'2010-06-01',3),
 (1834,'teste de carga 3',6666666,'2010-07-01',1,'2010-07-01',3),
 (1835,'teste de carga 3',6666666,'2010-08-01',1,'2010-08-01',3),
 (1836,'teste de carga 3',6666666,'2010-09-01',1,'2010-09-01',3),
 (1837,'teste de carga 3',6666666,'2010-10-01',1,'2010-10-01',3),
 (1838,'teste de carga 3',6666666,'2010-11-01',1,'2010-11-01',3),
 (1839,'teste de carga 3',6666666,'2010-12-01',1,'2010-12-01',3),
 (1840,'teste de carga 3',6666666,'2011-01-01',1,'2011-01-01',3),
 (1841,'teste de carga 3',6666666,'2011-02-01',1,'2011-02-01',3),
 (1842,'teste de carga 3',6666666,'2011-03-01',1,'2011-03-01',3),
 (1843,'teste de carga 3',6666666,'2011-04-01',1,'2011-04-01',3),
 (1844,'teste de carga 3',6666666,'2011-05-01',1,'2011-05-01',3),
 (1845,'teste de carga 3',6666666,'2011-06-01',1,'2011-06-01',3),
 (1846,'teste de carga 3',6666666,'2011-07-01',1,'2011-07-01',3),
 (1847,'teste de carga 3',6666666,'2011-08-01',1,'2011-08-01',3),
 (1848,'teste de carga 3',6666666,'2011-09-01',1,'2011-09-01',3),
 (1849,'teste de carga 3',6666666,'2011-10-01',1,'2011-10-01',3),
 (1850,'teste de carga 3',6666666,'2011-11-01',1,'2011-11-01',3),
 (1851,'teste de carga 3',6666666,'2011-12-01',1,'2011-12-01',3),
 (1852,'teste de carga 3',6666666,'2012-01-01',1,'2012-01-01',3),
 (1853,'teste de carga 3',6666666,'2012-02-01',1,'2012-02-01',3),
 (1854,'teste de carga 3',6666666,'2012-03-01',1,'2012-03-01',3),
 (1855,'teste de carga 3',6666666,'2012-04-01',1,'2012-04-01',3),
 (1856,'teste de carga 3',6666666,'2012-05-01',1,'2012-05-01',3),
 (1857,'teste de carga 3',6666666,'2012-06-01',1,'2012-06-01',3),
 (1858,'teste de carga 3',6666666,'2012-07-01',1,'2012-07-01',3),
 (1859,'teste de carga 3',6666666,'2012-08-01',1,'2012-08-01',3),
 (1860,'teste de carga 3',6666666,'2012-09-01',1,'2012-09-01',3),
 (1861,'teste de carga 3',6666666,'2012-10-01',1,'2012-10-01',3),
 (1862,'teste de carga 3',6666666,'2012-11-01',1,'2012-11-01',3),
 (1863,'teste de carga 3',6666666,'2012-12-01',1,'2012-12-01',3),
 (1864,'teste de carga 3',6666666,'2013-01-01',1,'2013-01-01',3),
 (1865,'teste de carga 3',6666666,'2013-02-01',1,'2013-02-01',3),
 (1866,'teste de carga 3',6666666,'2013-03-01',1,'2013-03-01',3),
 (1867,'teste de carga 3',6666666,'2013-04-01',1,'2013-04-01',3),
 (1868,'teste de carga 3',6666666,'2013-05-01',1,'2013-05-01',3),
 (1869,'teste de carga 3',6666666,'2013-06-01',1,'2013-06-01',3),
 (1870,'teste de carga 3',6666666,'2013-07-01',1,'2013-07-01',3),
 (1871,'teste de carga 3',6666666,'2013-08-01',1,'2013-08-01',3),
 (1872,'teste de carga 3',6666666,'2013-09-01',1,'2013-09-01',3),
 (1873,'teste de carga 3',6666666,'2013-10-01',1,'2013-10-01',3),
 (1874,'teste de carga 3',6666666,'2013-11-01',1,'2013-11-01',3),
 (1875,'teste de carga 3',6666666,'2013-12-01',1,'2013-12-01',3),
 (1876,'teste de carga 3',6666666,'2014-01-01',1,'2014-01-01',3),
 (1877,'teste de carga 3',6666666,'2014-02-01',1,'2014-02-01',3),
 (1878,'teste de carga 3',6666666,'2014-03-01',1,'2014-03-01',3),
 (1879,'teste de carga 3',6666666,'2014-04-01',1,'2014-04-01',3),
 (1880,'teste de carga 3',6666666,'2014-05-01',1,'2014-05-01',3),
 (1881,'teste de carga 3',6666666,'2014-06-01',1,'2014-06-01',3),
 (1882,'teste de carga 3',6666666,'2014-07-01',1,'2014-07-01',3),
 (1883,'teste de carga 3',6666666,'2014-08-01',1,'2014-08-01',3),
 (1884,'teste de carga 3',6666666,'2014-09-01',1,'2014-09-01',3),
 (1885,'teste de carga 3',6666666,'2014-10-01',1,'2014-10-01',3),
 (1886,'teste de carga 3',6666666,'2014-11-01',1,'2014-11-01',3),
 (1887,'teste de carga 3',6666666,'2014-12-01',1,'2014-12-01',3),
 (1888,'teste de carga 3',6666666,'2015-01-01',1,'2015-01-01',3),
 (1889,'teste de carga 3',6666666,'2010-01-01',1,'2010-01-01',3),
 (1890,'teste de carga 3',6666666,'2010-02-01',1,'2010-02-01',4),
 (1891,'teste de carga 3',6666666,'2010-03-01',1,'2010-03-01',4),
 (1892,'teste de carga 3',6666666,'2010-04-01',1,'2010-04-01',4),
 (1893,'teste de carga 3',6666666,'2010-05-01',1,'2010-05-01',4),
 (1894,'teste de carga 3',6666666,'2010-06-01',1,'2010-06-01',4),
 (1895,'teste de carga 3',6666666,'2010-07-01',1,'2010-07-01',4),
 (1896,'teste de carga 3',6666666,'2010-08-01',1,'2010-08-01',4),
 (1897,'teste de carga 3',6666666,'2010-09-01',1,'2010-09-01',4),
 (1898,'teste de carga 3',6666666,'2010-10-01',1,'2010-10-01',4),
 (1899,'teste de carga 3',6666666,'2010-11-01',1,'2010-11-01',4),
 (1900,'teste de carga 3',6666666,'2010-12-01',1,'2010-12-01',4),
 (1901,'teste de carga 3',6666666,'2011-01-01',1,'2011-01-01',4),
 (1902,'teste de carga 3',6666666,'2011-02-01',1,'2011-02-01',4),
 (1903,'teste de carga 3',6666666,'2011-03-01',1,'2011-03-01',4),
 (1904,'teste de carga 3',6666666,'2011-04-01',1,'2011-04-01',4),
 (1905,'teste de carga 3',6666666,'2011-05-01',1,'2011-05-01',4),
 (1906,'teste de carga 3',6666666,'2011-06-01',1,'2011-06-01',4),
 (1907,'teste de carga 3',6666666,'2011-07-01',1,'2011-07-01',4),
 (1908,'teste de carga 3',6666666,'2011-08-01',1,'2011-08-01',4),
 (1909,'teste de carga 3',6666666,'2011-09-01',1,'2011-09-01',4),
 (1910,'teste de carga 3',6666666,'2011-10-01',1,'2011-10-01',4),
 (1911,'teste de carga 3',6666666,'2011-11-01',1,'2011-11-01',4),
 (1912,'teste de carga 3',6666666,'2011-12-01',1,'2011-12-01',4),
 (1913,'teste de carga 3',6666666,'2012-01-01',1,'2012-01-01',4),
 (1914,'teste de carga 3',6666666,'2012-02-01',1,'2012-02-01',4),
 (1915,'teste de carga 3',6666666,'2012-03-01',1,'2012-03-01',4),
 (1916,'teste de carga 3',6666666,'2012-04-01',1,'2012-04-01',4),
 (1917,'teste de carga 3',6666666,'2012-05-01',1,'2012-05-01',4),
 (1918,'teste de carga 3',6666666,'2012-06-01',1,'2012-06-01',4),
 (1919,'teste de carga 3',6666666,'2012-07-01',1,'2012-07-01',4),
 (1920,'teste de carga 3',6666666,'2012-08-01',1,'2012-08-01',4),
 (1921,'teste de carga 3',6666666,'2012-09-01',1,'2012-09-01',4),
 (1922,'teste de carga 3',6666666,'2012-10-01',1,'2012-10-01',4),
 (1923,'teste de carga 3',6666666,'2012-11-01',1,'2012-11-01',4),
 (1924,'teste de carga 3',6666666,'2012-12-01',1,'2012-12-01',4),
 (1925,'teste de carga 3',6666666,'2013-01-01',1,'2013-01-01',4),
 (1926,'teste de carga 3',6666666,'2013-02-01',1,'2013-02-01',4),
 (1927,'teste de carga 3',6666666,'2013-03-01',1,'2013-03-01',4),
 (1928,'teste de carga 3',6666666,'2013-04-01',1,'2013-04-01',4),
 (1929,'teste de carga 3',6666666,'2013-05-01',1,'2013-05-01',4),
 (1930,'teste de carga 3',6666666,'2013-06-01',1,'2013-06-01',4),
 (1931,'teste de carga 3',6666666,'2013-07-01',1,'2013-07-01',4),
 (1932,'teste de carga 3',6666666,'2013-08-01',1,'2013-08-01',4),
 (1933,'teste de carga 3',6666666,'2013-09-01',1,'2013-09-01',4),
 (1934,'teste de carga 3',6666666,'2013-10-01',1,'2013-10-01',4),
 (1935,'teste de carga 3',6666666,'2013-11-01',1,'2013-11-01',4),
 (1936,'teste de carga 3',6666666,'2013-12-01',1,'2013-12-01',4),
 (1937,'teste de carga 3',6666666,'2014-01-01',1,'2014-01-01',4),
 (1938,'teste de carga 3',6666666,'2014-02-01',1,'2014-02-01',4),
 (1939,'teste de carga 3',6666666,'2014-03-01',1,'2014-03-01',4),
 (1940,'teste de carga 3',6666666,'2014-04-01',1,'2014-04-01',4),
 (1941,'teste de carga 3',6666666,'2014-05-01',1,'2014-05-01',4),
 (1942,'teste de carga 3',6666666,'2014-06-01',1,'2014-06-01',4),
 (1943,'teste de carga 3',6666666,'2014-07-01',1,'2014-07-01',4),
 (1944,'teste de carga 3',6666666,'2014-08-01',1,'2014-08-01',4),
 (1945,'teste de carga 3',6666666,'2014-09-01',1,'2014-09-01',4),
 (1946,'teste de carga 3',6666666,'2014-10-01',1,'2014-10-01',4),
 (1947,'teste de carga 3',6666666,'2014-11-01',1,'2014-11-01',4),
 (1948,'teste de carga 3',6666666,'2014-12-01',1,'2014-12-01',4),
 (1949,'teste de carga 3',6666666,'2015-01-01',1,'2015-01-01',4),
 (1950,'teste de carga 3',6666666,'2010-01-01',1,'2010-01-01',4),
 (1951,'teste de carga 3',6666666,'2010-02-01',1,'2010-02-01',5),
 (1952,'teste de carga 3',6666666,'2010-03-01',1,'2010-03-01',5),
 (1953,'teste de carga 3',6666666,'2010-04-01',1,'2010-04-01',5),
 (1954,'teste de carga 3',6666666,'2010-05-01',1,'2010-05-01',5),
 (1955,'teste de carga 3',6666666,'2010-06-01',1,'2010-06-01',5),
 (1956,'teste de carga 3',6666666,'2010-07-01',1,'2010-07-01',5),
 (1957,'teste de carga 3',6666666,'2010-08-01',1,'2010-08-01',5),
 (1958,'teste de carga 3',6666666,'2010-09-01',1,'2010-09-01',5),
 (1959,'teste de carga 3',6666666,'2010-10-01',1,'2010-10-01',5),
 (1960,'teste de carga 3',6666666,'2010-11-01',1,'2010-11-01',5),
 (1961,'teste de carga 3',6666666,'2010-12-01',1,'2010-12-01',5),
 (1962,'teste de carga 3',6666666,'2011-01-01',1,'2011-01-01',5),
 (1963,'teste de carga 3',6666666,'2011-02-01',1,'2011-02-01',5),
 (1964,'teste de carga 3',6666666,'2011-03-01',1,'2011-03-01',5),
 (1965,'teste de carga 3',6666666,'2011-04-01',1,'2011-04-01',5),
 (1966,'teste de carga 3',6666666,'2011-05-01',1,'2011-05-01',5),
 (1967,'teste de carga 3',6666666,'2011-06-01',1,'2011-06-01',5),
 (1968,'teste de carga 3',6666666,'2011-07-01',1,'2011-07-01',5),
 (1969,'teste de carga 3',6666666,'2011-08-01',1,'2011-08-01',5),
 (1970,'teste de carga 3',6666666,'2011-09-01',1,'2011-09-01',5),
 (1971,'teste de carga 3',6666666,'2011-10-01',1,'2011-10-01',5),
 (1972,'teste de carga 3',6666666,'2011-11-01',1,'2011-11-01',5),
 (1973,'teste de carga 3',6666666,'2011-12-01',1,'2011-12-01',5),
 (1974,'teste de carga 3',6666666,'2012-01-01',1,'2012-01-01',5),
 (1975,'teste de carga 3',6666666,'2012-02-01',1,'2012-02-01',5),
 (1976,'teste de carga 3',6666666,'2012-03-01',1,'2012-03-01',5),
 (1977,'teste de carga 3',6666666,'2012-04-01',1,'2012-04-01',5),
 (1978,'teste de carga 3',6666666,'2012-05-01',1,'2012-05-01',5),
 (1979,'teste de carga 3',6666666,'2012-06-01',1,'2012-06-01',5),
 (1980,'teste de carga 3',6666666,'2012-07-01',1,'2012-07-01',5),
 (1981,'teste de carga 3',6666666,'2012-08-01',1,'2012-08-01',5),
 (1982,'teste de carga 3',6666666,'2012-09-01',1,'2012-09-01',5),
 (1983,'teste de carga 3',6666666,'2012-10-01',1,'2012-10-01',5),
 (1984,'teste de carga 3',6666666,'2012-11-01',1,'2012-11-01',5),
 (1985,'teste de carga 3',6666666,'2012-12-01',1,'2012-12-01',5),
 (1986,'teste de carga 3',6666666,'2013-01-01',1,'2013-01-01',5),
 (1987,'teste de carga 3',6666666,'2013-02-01',1,'2013-02-01',5),
 (1988,'teste de carga 3',6666666,'2013-03-01',1,'2013-03-01',5),
 (1989,'teste de carga 3',6666666,'2013-04-01',1,'2013-04-01',5),
 (1990,'teste de carga 3',6666666,'2013-05-01',1,'2013-05-01',5),
 (1991,'teste de carga 3',6666666,'2013-06-01',1,'2013-06-01',5),
 (1992,'teste de carga 3',6666666,'2013-07-01',1,'2013-07-01',5),
 (1993,'teste de carga 3',6666666,'2013-08-01',1,'2013-08-01',5),
 (1994,'teste de carga 3',6666666,'2013-09-01',1,'2013-09-01',5),
 (1995,'teste de carga 3',6666666,'2013-10-01',1,'2013-10-01',5),
 (1996,'teste de carga 3',6666666,'2013-11-01',1,'2013-11-01',5),
 (1997,'teste de carga 3',6666666,'2013-12-01',1,'2013-12-01',5),
 (1998,'teste de carga 3',6666666,'2014-01-01',1,'2014-01-01',5),
 (1999,'teste de carga 3',6666666,'2014-02-01',1,'2014-02-01',5),
 (2000,'teste de carga 3',6666666,'2014-03-01',1,'2014-03-01',5),
 (2001,'teste de carga 3',6666666,'2014-04-01',1,'2014-04-01',5),
 (2002,'teste de carga 3',6666666,'2014-05-01',1,'2014-05-01',5),
 (2003,'teste de carga 3',6666666,'2014-06-01',1,'2014-06-01',5),
 (2004,'teste de carga 3',6666666,'2014-07-01',1,'2014-07-01',5),
 (2005,'teste de carga 3',6666666,'2014-08-01',1,'2014-08-01',5),
 (2006,'teste de carga 3',6666666,'2014-09-01',1,'2014-09-01',5),
 (2007,'teste de carga 3',6666666,'2014-10-01',1,'2014-10-01',5),
 (2008,'teste de carga 3',6666666,'2014-11-01',1,'2014-11-01',5),
 (2009,'teste de carga 3',6666666,'2014-12-01',1,'2014-12-01',5),
 (2010,'teste de carga 3',6666666,'2015-01-01',1,'2015-01-01',5),
 (2011,'teste de carga 3',6666666,'2010-01-01',1,'2010-01-01',5),
 (2012,'teste de carga 3',6666666,'2010-02-01',1,'2010-02-01',5),
 (2013,'teste de carga 3',6666666,'2010-03-01',1,'2010-03-01',5),
 (2014,'teste de carga 3',6666666,'2010-04-01',1,'2010-04-01',5),
 (2015,'teste de carga 3',6666666,'2010-05-01',1,'2010-05-01',5),
 (2016,'teste de carga 3',6666666,'2010-06-01',1,'2010-06-01',5),
 (2017,'teste de carga 3',6666666,'2010-07-01',1,'2010-07-01',5),
 (2018,'teste de carga 3',6666666,'2010-08-01',1,'2010-08-01',5),
 (2019,'teste de carga 3',6666666,'2010-09-01',1,'2010-09-01',5),
 (2020,'teste de carga 3',6666666,'2010-10-01',1,'2010-10-01',5),
 (2021,'teste de carga 3',6666666,'2010-11-01',1,'2010-11-01',5),
 (2022,'teste de carga 3',6666666,'2010-12-01',1,'2010-12-01',5),
 (2023,'teste de carga 3',6666666,'2011-01-01',1,'2011-01-01',5),
 (2024,'teste de carga 3',6666666,'2011-02-01',1,'2011-02-01',5),
 (2025,'teste de carga 3',6666666,'2011-03-01',1,'2011-03-01',5),
 (2026,'teste de carga 3',6666666,'2011-04-01',1,'2011-04-01',5),
 (2027,'teste de carga 3',6666666,'2011-05-01',1,'2011-05-01',5),
 (2028,'teste de carga 3',6666666,'2011-06-01',1,'2011-06-01',5),
 (2029,'teste de carga 3',6666666,'2011-07-01',1,'2011-07-01',5),
 (2030,'teste de carga 3',6666666,'2011-08-01',1,'2011-08-01',5),
 (2031,'teste de carga 3',6666666,'2011-09-01',1,'2011-09-01',5),
 (2032,'teste de carga 3',6666666,'2011-10-01',1,'2011-10-01',5),
 (2033,'teste de carga 3',6666666,'2011-11-01',1,'2011-11-01',5),
 (2034,'teste de carga 3',6666666,'2011-12-01',1,'2011-12-01',5),
 (2035,'teste de carga 3',6666666,'2012-01-01',1,'2012-01-01',5),
 (2036,'teste de carga 3',6666666,'2012-02-01',1,'2012-02-01',5),
 (2037,'teste de carga 3',6666666,'2012-03-01',1,'2012-03-01',5),
 (2038,'teste de carga 3',6666666,'2012-04-01',1,'2012-04-01',5),
 (2039,'teste de carga 3',6666666,'2012-05-01',1,'2012-05-01',5),
 (2040,'teste de carga 3',6666666,'2012-06-01',1,'2012-06-01',5),
 (2041,'teste de carga 3',6666666,'2012-07-01',1,'2012-07-01',5),
 (2042,'teste de carga 3',6666666,'2012-08-01',1,'2012-08-01',5),
 (2043,'teste de carga 3',6666666,'2012-09-01',1,'2012-09-01',5),
 (2044,'teste de carga 3',6666666,'2012-10-01',1,'2012-10-01',5),
 (2045,'teste de carga 3',6666666,'2012-11-01',1,'2012-11-01',5),
 (2046,'teste de carga 3',6666666,'2012-12-01',1,'2012-12-01',5),
 (2047,'teste de carga 3',6666666,'2013-01-01',1,'2013-01-01',5),
 (2048,'teste de carga 3',6666666,'2013-02-01',1,'2013-02-01',5),
 (2049,'teste de carga 3',6666666,'2013-03-01',1,'2013-03-01',5),
 (2050,'teste de carga 3',6666666,'2013-04-01',1,'2013-04-01',5),
 (2051,'teste de carga 3',6666666,'2013-05-01',1,'2013-05-01',5),
 (2052,'teste de carga 3',6666666,'2013-06-01',1,'2013-06-01',5),
 (2053,'teste de carga 3',6666666,'2013-07-01',1,'2013-07-01',5),
 (2054,'teste de carga 3',6666666,'2013-08-01',1,'2013-08-01',5),
 (2055,'teste de carga 3',6666666,'2013-09-01',1,'2013-09-01',5),
 (2056,'teste de carga 3',6666666,'2013-10-01',1,'2013-10-01',5),
 (2057,'teste de carga 3',6666666,'2013-11-01',1,'2013-11-01',5),
 (2058,'teste de carga 3',6666666,'2013-12-01',1,'2013-12-01',5),
 (2059,'teste de carga 3',6666666,'2014-01-01',1,'2014-01-01',5),
 (2060,'teste de carga 3',6666666,'2014-02-01',1,'2014-02-01',5),
 (2061,'teste de carga 3',6666666,'2014-03-01',1,'2014-03-01',5),
 (2062,'teste de carga 3',6666666,'2014-04-01',1,'2014-04-01',5),
 (2063,'teste de carga 3',6666666,'2014-05-01',1,'2014-05-01',5),
 (2064,'teste de carga 3',6666666,'2014-06-01',1,'2014-06-01',5),
 (2065,'teste de carga 3',6666666,'2014-07-01',1,'2014-07-01',5),
 (2066,'teste de carga 3',6666666,'2014-08-01',1,'2014-08-01',5),
 (2067,'teste de carga 3',6666666,'2014-09-01',1,'2014-09-01',5),
 (2068,'teste de carga 3',6666666,'2014-10-01',1,'2014-10-01',5),
 (2069,'teste de carga 3',6666666,'2014-11-01',1,'2014-11-01',5),
 (2070,'teste de carga 3',6666666,'2014-12-01',1,'2014-12-01',5),
 (2071,'teste de carga 3',6666666,'2015-01-01',1,'2015-01-01',5),
 (2072,'teste de carga 3',6666666,'2010-01-01',1,'2010-01-01',5),
 (2073,'teste de carga 3',6666666,'2010-02-01',1,'2010-02-01',5),
 (2074,'teste de carga 3',6666666,'2010-03-01',1,'2010-03-01',5),
 (2075,'teste de carga 3',6666666,'2010-04-01',1,'2010-04-01',5),
 (2076,'teste de carga 3',6666666,'2010-05-01',1,'2010-05-01',5),
 (2077,'teste de carga 3',6666666,'2010-06-01',1,'2010-06-01',5),
 (2078,'teste de carga 3',6666666,'2010-07-01',1,'2010-07-01',5),
 (2079,'teste de carga 3',6666666,'2010-08-01',1,'2010-08-01',5),
 (2080,'teste de carga 3',6666666,'2010-09-01',1,'2010-09-01',5),
 (2081,'teste de carga 3',6666666,'2010-10-01',1,'2010-10-01',5),
 (2082,'teste de carga 3',6666666,'2010-11-01',1,'2010-11-01',5),
 (2083,'teste de carga 3',6666666,'2010-12-01',1,'2010-12-01',5),
 (2084,'teste de carga 3',6666666,'2011-01-01',1,'2011-01-01',5),
 (2085,'teste de carga 3',6666666,'2011-02-01',1,'2011-02-01',5),
 (2086,'teste de carga 3',6666666,'2011-03-01',1,'2011-03-01',5),
 (2087,'teste de carga 3',6666666,'2011-04-01',1,'2011-04-01',5),
 (2088,'teste de carga 3',6666666,'2011-05-01',1,'2011-05-01',5),
 (2089,'teste de carga 3',6666666,'2011-06-01',1,'2011-06-01',5),
 (2090,'teste de carga 3',6666666,'2011-07-01',1,'2011-07-01',5),
 (2091,'teste de carga 3',6666666,'2011-08-01',1,'2011-08-01',5),
 (2092,'teste de carga 3',6666666,'2011-09-01',1,'2011-09-01',5),
 (2093,'teste de carga 3',6666666,'2011-10-01',1,'2011-10-01',5),
 (2094,'teste de carga 3',6666666,'2011-11-01',1,'2011-11-01',5),
 (2095,'teste de carga 3',6666666,'2011-12-01',1,'2011-12-01',5),
 (2096,'teste de carga 3',6666666,'2012-01-01',1,'2012-01-01',5),
 (2097,'teste de carga 3',6666666,'2012-02-01',1,'2012-02-01',5),
 (2098,'teste de carga 3',6666666,'2012-03-01',1,'2012-03-01',5),
 (2099,'teste de carga 3',6666666,'2012-04-01',1,'2012-04-01',5),
 (2100,'teste de carga 3',6666666,'2012-05-01',1,'2012-05-01',5),
 (2101,'teste de carga 3',6666666,'2012-06-01',1,'2012-06-01',5),
 (2102,'teste de carga 3',6666666,'2012-07-01',1,'2012-07-01',5),
 (2103,'teste de carga 3',6666666,'2012-08-01',1,'2012-08-01',5),
 (2104,'teste de carga 3',6666666,'2012-09-01',1,'2012-09-01',5),
 (2105,'teste de carga 3',6666666,'2012-10-01',1,'2012-10-01',5),
 (2106,'teste de carga 3',6666666,'2012-11-01',1,'2012-11-01',5),
 (2107,'teste de carga 3',6666666,'2012-12-01',1,'2012-12-01',5),
 (2108,'teste de carga 3',6666666,'2013-01-01',1,'2013-01-01',5),
 (2109,'teste de carga 3',6666666,'2013-02-01',1,'2013-02-01',5),
 (2110,'teste de carga 3',6666666,'2013-03-01',1,'2013-03-01',5),
 (2111,'teste de carga 3',6666666,'2013-04-01',1,'2013-04-01',5),
 (2112,'teste de carga 3',6666666,'2013-05-01',1,'2013-05-01',5),
 (2113,'teste de carga 3',6666666,'2013-06-01',1,'2013-06-01',5),
 (2114,'teste de carga 3',6666666,'2013-07-01',1,'2013-07-01',5),
 (2115,'teste de carga 3',6666666,'2013-08-01',1,'2013-08-01',5),
 (2116,'teste de carga 3',6666666,'2013-09-01',1,'2013-09-01',5),
 (2117,'teste de carga 3',6666666,'2013-10-01',1,'2013-10-01',5),
 (2118,'teste de carga 3',6666666,'2013-11-01',1,'2013-11-01',5),
 (2119,'teste de carga 3',6666666,'2013-12-01',1,'2013-12-01',5),
 (2120,'teste de carga 3',6666666,'2014-01-01',1,'2014-01-01',5),
 (2121,'teste de carga 3',6666666,'2014-02-01',1,'2014-02-01',5),
 (2122,'teste de carga 3',6666666,'2014-03-01',1,'2014-03-01',5),
 (2123,'teste de carga 3',6666666,'2014-04-01',1,'2014-04-01',5),
 (2124,'teste de carga 3',6666666,'2014-05-01',1,'2014-05-01',5),
 (2125,'teste de carga 3',6666666,'2014-06-01',1,'2014-06-01',5),
 (2126,'teste de carga 3',6666666,'2014-07-01',1,'2014-07-01',5),
 (2127,'teste de carga 3',6666666,'2014-08-01',1,'2014-08-01',5),
 (2128,'teste de carga 3',6666666,'2014-09-01',1,'2014-09-01',5),
 (2129,'teste de carga 3',6666666,'2014-10-01',1,'2014-10-01',5),
 (2130,'teste de carga 3',6666666,'2014-11-01',1,'2014-11-01',5),
 (2131,'teste de carga 3',6666666,'2014-12-01',1,'2014-12-01',5),
 (2132,'teste de carga 3',6666666,'2015-01-01',1,'2015-01-01',5),
 (2133,'teste de carga 3',6666666,'2010-01-01',1,'2010-01-01',5),
 (2439,'teste de carga 4',4444,'2010-02-01',1,'2010-02-01',3),
 (2440,'teste de carga 4',4444,'2010-03-01',1,'2010-03-01',3),
 (2441,'teste de carga 4',4444,'2010-04-01',1,'2010-04-01',3),
 (2442,'teste de carga 4',4444,'2010-05-01',1,'2010-05-01',3),
 (2443,'teste de carga 4',4444,'2010-06-01',1,'2010-06-01',3),
 (2444,'teste de carga 4',4444,'2010-07-01',1,'2010-07-01',3),
 (2445,'teste de carga 4',4444,'2010-08-01',1,'2010-08-01',3),
 (2446,'teste de carga 4',4444,'2010-09-01',1,'2010-09-01',3),
 (2447,'teste de carga 4',4444,'2010-10-01',1,'2010-10-01',3),
 (2448,'teste de carga 4',4444,'2010-11-01',1,'2010-11-01',3),
 (2449,'teste de carga 4',4444,'2010-12-01',1,'2010-12-01',3),
 (2450,'teste de carga 4',4444,'2011-01-01',1,'2011-01-01',3),
 (2451,'teste de carga 4',4444,'2011-02-01',1,'2011-02-01',3),
 (2452,'teste de carga 4',4444,'2011-03-01',1,'2011-03-01',3),
 (2453,'teste de carga 4',4444,'2011-04-01',1,'2011-04-01',3),
 (2454,'teste de carga 4',4444,'2011-05-01',1,'2011-05-01',3),
 (2455,'teste de carga 4',4444,'2011-06-01',1,'2011-06-01',3),
 (2456,'teste de carga 4',4444,'2011-07-01',1,'2011-07-01',3),
 (2457,'teste de carga 4',4444,'2011-08-01',1,'2011-08-01',3),
 (2458,'teste de carga 4',4444,'2011-09-01',1,'2011-09-01',3),
 (2459,'teste de carga 4',4444,'2011-10-01',1,'2011-10-01',3),
 (2460,'teste de carga 4',4444,'2011-11-01',1,'2011-11-01',3),
 (2461,'teste de carga 4',4444,'2011-12-01',1,'2011-12-01',3),
 (2462,'teste de carga 4',4444,'2012-01-01',1,'2012-01-01',3),
 (2463,'teste de carga 4',4444,'2012-02-01',1,'2012-02-01',3),
 (2464,'teste de carga 4',4444,'2012-03-01',1,'2012-03-01',3),
 (2465,'teste de carga 4',4444,'2012-04-01',1,'2012-04-01',3),
 (2466,'teste de carga 4',4444,'2012-05-01',1,'2012-05-01',3),
 (2467,'teste de carga 4',4444,'2012-06-01',1,'2012-06-01',3),
 (2468,'teste de carga 4',4444,'2012-07-01',1,'2012-07-01',3),
 (2469,'teste de carga 4',4444,'2012-08-01',1,'2012-08-01',3),
 (2470,'teste de carga 4',4444,'2012-09-01',1,'2012-09-01',3),
 (2471,'teste de carga 4',4444,'2012-10-01',1,'2012-10-01',3),
 (2472,'teste de carga 4',4444,'2012-11-01',1,'2012-11-01',3),
 (2473,'teste de carga 4',4444,'2012-12-01',1,'2012-12-01',3),
 (2474,'teste de carga 4',4444,'2013-01-01',1,'2013-01-01',3),
 (2475,'teste de carga 4',4444,'2013-02-01',1,'2013-02-01',3),
 (2476,'teste de carga 4',4444,'2013-03-01',1,'2013-03-01',3),
 (2477,'teste de carga 4',4444,'2013-04-01',1,'2013-04-01',3),
 (2478,'teste de carga 4',4444,'2013-05-01',1,'2013-05-01',3),
 (2479,'teste de carga 4',4444,'2013-06-01',1,'2013-06-01',3),
 (2480,'teste de carga 4',4444,'2013-07-01',1,'2013-07-01',3),
 (2481,'teste de carga 4',4444,'2013-08-01',1,'2013-08-01',3),
 (2482,'teste de carga 4',4444,'2013-09-01',1,'2013-09-01',3),
 (2483,'teste de carga 4',4444,'2013-10-01',1,'2013-10-01',3),
 (2484,'teste de carga 4',4444,'2013-11-01',1,'2013-11-01',3),
 (2485,'teste de carga 4',4444,'2013-12-01',1,'2013-12-01',3),
 (2486,'teste de carga 4',4444,'2014-01-01',1,'2014-01-01',3),
 (2487,'teste de carga 4',4444,'2014-02-01',1,'2014-02-01',3),
 (2488,'teste de carga 4',4444,'2014-03-01',1,'2014-03-01',3),
 (2489,'teste de carga 4',4444,'2014-04-01',1,'2014-04-01',3),
 (2490,'teste de carga 4',4444,'2014-05-01',1,'2014-05-01',3),
 (2491,'teste de carga 4',4444,'2014-06-01',1,'2014-06-01',3),
 (2492,'teste de carga 4',4444,'2014-07-01',1,'2014-07-01',3),
 (2493,'teste de carga 4',4444,'2014-08-01',1,'2014-08-01',3),
 (2494,'teste de carga 4',4444,'2014-09-01',1,'2014-09-01',3),
 (2495,'teste de carga 4',4444,'2014-10-01',1,'2014-10-01',3),
 (2496,'teste de carga 4',4444,'2014-11-01',1,'2014-11-01',3),
 (2497,'teste de carga 4',4444,'2014-12-01',1,'2014-12-01',3),
 (2498,'teste de carga 4',4444,'2015-01-01',1,'2015-01-01',3),
 (2499,'teste de carga 4',4444,'2010-01-01',1,'2010-01-01',3),
 (2500,'teste de carga 4',4444,'2010-02-01',1,'2010-02-01',4),
 (2501,'teste de carga 4',4444,'2010-03-01',1,'2010-03-01',4),
 (2502,'teste de carga 4',4444,'2010-04-01',1,'2010-04-01',4),
 (2503,'teste de carga 4',4444,'2010-05-01',1,'2010-05-01',4),
 (2504,'teste de carga 4',4444,'2010-06-01',1,'2010-06-01',4),
 (2505,'teste de carga 4',4444,'2010-07-01',1,'2010-07-01',4),
 (2506,'teste de carga 4',4444,'2010-08-01',1,'2010-08-01',4),
 (2507,'teste de carga 4',4444,'2010-09-01',1,'2010-09-01',4),
 (2508,'teste de carga 4',4444,'2010-10-01',1,'2010-10-01',4),
 (2509,'teste de carga 4',4444,'2010-11-01',1,'2010-11-01',4),
 (2510,'teste de carga 4',4444,'2010-12-01',1,'2010-12-01',4),
 (2511,'teste de carga 4',4444,'2011-01-01',1,'2011-01-01',4),
 (2512,'teste de carga 4',4444,'2011-02-01',1,'2011-02-01',4),
 (2513,'teste de carga 4',4444,'2011-03-01',1,'2011-03-01',4),
 (2514,'teste de carga 4',4444,'2011-04-01',1,'2011-04-01',4),
 (2515,'teste de carga 4',4444,'2011-05-01',1,'2011-05-01',4),
 (2516,'teste de carga 4',4444,'2011-06-01',1,'2011-06-01',4),
 (2517,'teste de carga 4',4444,'2011-07-01',1,'2011-07-01',4),
 (2518,'teste de carga 4',4444,'2011-08-01',1,'2011-08-01',4),
 (2519,'teste de carga 4',4444,'2011-09-01',1,'2011-09-01',4),
 (2520,'teste de carga 4',4444,'2011-10-01',1,'2011-10-01',4),
 (2521,'teste de carga 4',4444,'2011-11-01',1,'2011-11-01',4),
 (2522,'teste de carga 4',4444,'2011-12-01',1,'2011-12-01',4),
 (2523,'teste de carga 4',4444,'2012-01-01',1,'2012-01-01',4),
 (2524,'teste de carga 4',4444,'2012-02-01',1,'2012-02-01',4),
 (2525,'teste de carga 4',4444,'2012-03-01',1,'2012-03-01',4),
 (2526,'teste de carga 4',4444,'2012-04-01',1,'2012-04-01',4),
 (2527,'teste de carga 4',4444,'2012-05-01',1,'2012-05-01',4),
 (2528,'teste de carga 4',4444,'2012-06-01',1,'2012-06-01',4),
 (2529,'teste de carga 4',4444,'2012-07-01',1,'2012-07-01',4),
 (2530,'teste de carga 4',4444,'2012-08-01',1,'2012-08-01',4),
 (2531,'teste de carga 4',4444,'2012-09-01',1,'2012-09-01',4),
 (2532,'teste de carga 4',4444,'2012-10-01',1,'2012-10-01',4),
 (2533,'teste de carga 4',4444,'2012-11-01',1,'2012-11-01',4),
 (2534,'teste de carga 4',4444,'2012-12-01',1,'2012-12-01',4),
 (2535,'teste de carga 4',4444,'2013-01-01',1,'2013-01-01',4),
 (2536,'teste de carga 4',4444,'2013-02-01',1,'2013-02-01',4),
 (2537,'teste de carga 4',4444,'2013-03-01',1,'2013-03-01',4),
 (2538,'teste de carga 4',4444,'2013-04-01',1,'2013-04-01',4),
 (2539,'teste de carga 4',4444,'2013-05-01',1,'2013-05-01',4),
 (2540,'teste de carga 4',4444,'2013-06-01',1,'2013-06-01',4),
 (2541,'teste de carga 4',4444,'2013-07-01',1,'2013-07-01',4),
 (2542,'teste de carga 4',4444,'2013-08-01',1,'2013-08-01',4),
 (2543,'teste de carga 4',4444,'2013-09-01',1,'2013-09-01',4),
 (2544,'teste de carga 4',4444,'2013-10-01',1,'2013-10-01',4),
 (2545,'teste de carga 4',4444,'2013-11-01',1,'2013-11-01',4),
 (2546,'teste de carga 4',4444,'2013-12-01',1,'2013-12-01',4),
 (2547,'teste de carga 4',4444,'2014-01-01',1,'2014-01-01',4),
 (2548,'teste de carga 4',4444,'2014-02-01',1,'2014-02-01',4),
 (2549,'teste de carga 4',4444,'2014-03-01',1,'2014-03-01',4),
 (2550,'teste de carga 4',4444,'2014-04-01',1,'2014-04-01',4),
 (2551,'teste de carga 4',4444,'2014-05-01',1,'2014-05-01',4),
 (2552,'teste de carga 4',4444,'2014-06-01',1,'2014-06-01',4),
 (2553,'teste de carga 4',4444,'2014-07-01',1,'2014-07-01',4),
 (2554,'teste de carga 4',4444,'2014-08-01',1,'2014-08-01',4),
 (2555,'teste de carga 4',4444,'2014-09-01',1,'2014-09-01',4),
 (2556,'teste de carga 4',4444,'2014-10-01',1,'2014-10-01',4),
 (2557,'teste de carga 4',4444,'2014-11-01',1,'2014-11-01',4),
 (2558,'teste de carga 4',4444,'2014-12-01',1,'2014-12-01',4),
 (2559,'teste de carga 4',4444,'2015-01-01',1,'2015-01-01',4),
 (2560,'teste de carga 4',4444,'2010-01-01',1,'2010-01-01',4),
 (2683,'teste carga 5',55,'2010-02-01',1,'2010-02-01',1),
 (2684,'teste carga 5',55,'2010-03-01',1,'2010-03-01',1),
 (2685,'teste carga 5',55,'2010-04-01',1,'2010-04-01',1),
 (2686,'teste carga 5',55,'2010-05-01',1,'2010-05-01',1),
 (2687,'teste carga 5',55,'2010-06-01',1,'2010-06-01',1),
 (2688,'teste carga 5',55,'2010-07-01',1,'2010-07-01',1),
 (2689,'teste carga 5',55,'2010-08-01',1,'2010-08-01',1),
 (2690,'teste carga 5',55,'2010-09-01',1,'2010-09-01',1),
 (2691,'teste carga 5',55,'2010-10-01',1,'2010-10-01',1),
 (2692,'teste carga 5',55,'2010-11-01',1,'2010-11-01',1),
 (2693,'teste carga 5',55,'2010-12-01',1,'2010-12-01',1),
 (2694,'teste carga 5',55,'2011-01-01',1,'2011-01-01',1),
 (2695,'teste carga 5',55,'2011-02-01',1,'2011-02-01',1),
 (2696,'teste carga 5',55,'2011-03-01',1,'2011-03-01',1),
 (2697,'teste carga 5',55,'2011-04-01',1,'2011-04-01',1),
 (2698,'teste carga 5',55,'2011-05-01',1,'2011-05-01',1),
 (2699,'teste carga 5',55,'2011-06-01',1,'2011-06-01',1),
 (2700,'teste carga 5',55,'2011-07-01',1,'2011-07-01',1),
 (2701,'teste carga 5',55,'2011-08-01',1,'2011-08-01',1),
 (2702,'teste carga 5',55,'2011-09-01',1,'2011-09-01',1),
 (2703,'teste carga 5',55,'2011-10-01',1,'2011-10-01',1),
 (2704,'teste carga 5',55,'2011-11-01',1,'2011-11-01',1),
 (2705,'teste carga 5',55,'2011-12-01',1,'2011-12-01',1),
 (2706,'teste carga 5',55,'2012-01-01',1,'2012-01-01',1),
 (2707,'teste carga 5',55,'2012-02-01',1,'2012-02-01',1),
 (2708,'teste carga 5',55,'2012-03-01',1,'2012-03-01',1),
 (2709,'teste carga 5',55,'2012-04-01',1,'2012-04-01',1),
 (2710,'teste carga 5',55,'2012-05-01',1,'2012-05-01',1),
 (2711,'teste carga 5',55,'2012-06-01',1,'2012-06-01',1),
 (2712,'teste carga 5',55,'2012-07-01',1,'2012-07-01',1),
 (2713,'teste carga 5',55,'2012-08-01',1,'2012-08-01',1),
 (2714,'teste carga 5',55,'2012-09-01',1,'2012-09-01',1),
 (2715,'teste carga 5',55,'2012-10-01',1,'2012-10-01',1),
 (2716,'teste carga 5',55,'2012-11-01',1,'2012-11-01',1),
 (2717,'teste carga 5',55,'2012-12-01',1,'2012-12-01',1),
 (2718,'teste carga 5',55,'2013-01-01',1,'2013-01-01',1),
 (2719,'teste carga 5',55,'2013-02-01',1,'2013-02-01',1),
 (2720,'teste carga 5',55,'2013-03-01',1,'2013-03-01',1),
 (2721,'teste carga 5',55,'2013-04-01',1,'2013-04-01',1),
 (2722,'teste carga 5',55,'2013-05-01',1,'2013-05-01',1),
 (2723,'teste carga 5',55,'2013-06-01',1,'2013-06-01',1),
 (2724,'teste carga 5',55,'2013-07-01',1,'2013-07-01',1),
 (2725,'teste carga 5',55,'2013-08-01',1,'2013-08-01',1),
 (2726,'teste carga 5',55,'2013-09-01',1,'2013-09-01',1),
 (2727,'teste carga 5',55,'2013-10-01',1,'2013-10-01',1),
 (2728,'teste carga 5',55,'2013-11-01',1,'2013-11-01',1),
 (2729,'teste carga 5',55,'2013-12-01',1,'2013-12-01',1),
 (2730,'teste carga 5',55,'2014-01-01',1,'2014-01-01',1),
 (2731,'teste carga 5',55,'2014-02-01',1,'2014-02-01',1),
 (2732,'teste carga 5',55,'2014-03-01',1,'2014-03-01',1),
 (2733,'teste carga 5',55,'2014-04-01',1,'2014-04-01',1),
 (2734,'teste carga 5',55,'2014-05-01',1,'2014-05-01',1),
 (2735,'teste carga 5',55,'2014-06-01',1,'2014-06-01',1),
 (2736,'teste carga 5',55,'2014-07-01',1,'2014-07-01',1),
 (2737,'teste carga 5',55,'2014-08-01',1,'2014-08-01',1),
 (2738,'teste carga 5',55,'2014-09-01',1,'2014-09-01',1),
 (2739,'teste carga 5',55,'2014-10-01',1,'2014-10-01',1),
 (2740,'teste carga 5',55,'2014-11-01',1,'2014-11-01',1),
 (2741,'teste carga 5',55,'2014-12-01',1,'2014-12-01',1),
 (2742,'teste carga 5',55,'2015-01-01',1,'2015-01-01',1),
 (2743,'teste carga 5',55,'2010-01-01',1,'2010-01-01',1),
 (2744,'teste carga 5',55,'2010-02-01',1,'2010-02-01',3),
 (2745,'teste carga 5',55,'2010-03-01',1,'2010-03-01',3),
 (2746,'teste carga 5',55,'2010-04-01',1,'2010-04-01',3),
 (2747,'teste carga 5',55,'2010-05-01',1,'2010-05-01',3),
 (2748,'teste carga 5',55,'2010-06-01',1,'2010-06-01',3),
 (2749,'teste carga 5',55,'2010-07-01',1,'2010-07-01',3),
 (2750,'teste carga 5',55,'2010-08-01',1,'2010-08-01',3),
 (2751,'teste carga 5',55,'2010-09-01',1,'2010-09-01',3),
 (2752,'teste carga 5',55,'2010-10-01',1,'2010-10-01',3),
 (2753,'teste carga 5',55,'2010-11-01',1,'2010-11-01',3),
 (2754,'teste carga 5',55,'2010-12-01',1,'2010-12-01',3),
 (2755,'teste carga 5',55,'2011-01-01',1,'2011-01-01',3),
 (2756,'teste carga 5',55,'2011-02-01',1,'2011-02-01',3),
 (2757,'teste carga 5',55,'2011-03-01',1,'2011-03-01',3),
 (2758,'teste carga 5',55,'2011-04-01',1,'2011-04-01',3),
 (2759,'teste carga 5',55,'2011-05-01',1,'2011-05-01',3),
 (2760,'teste carga 5',55,'2011-06-01',1,'2011-06-01',3),
 (2761,'teste carga 5',55,'2011-07-01',1,'2011-07-01',3),
 (2762,'teste carga 5',55,'2011-08-01',1,'2011-08-01',3),
 (2763,'teste carga 5',55,'2011-09-01',1,'2011-09-01',3),
 (2764,'teste carga 5',55,'2011-10-01',1,'2011-10-01',3),
 (2765,'teste carga 5',55,'2011-11-01',1,'2011-11-01',3),
 (2766,'teste carga 5',55,'2011-12-01',1,'2011-12-01',3),
 (2767,'teste carga 5',55,'2012-01-01',1,'2012-01-01',3),
 (2768,'teste carga 5',55,'2012-02-01',1,'2012-02-01',3),
 (2769,'teste carga 5',55,'2012-03-01',1,'2012-03-01',3),
 (2770,'teste carga 5',55,'2012-04-01',1,'2012-04-01',3),
 (2771,'teste carga 5',55,'2012-05-01',1,'2012-05-01',3),
 (2772,'teste carga 5',55,'2012-06-01',1,'2012-06-01',3),
 (2773,'teste carga 5',55,'2012-07-01',1,'2012-07-01',3),
 (2774,'teste carga 5',55,'2012-08-01',1,'2012-08-01',3),
 (2775,'teste carga 5',55,'2012-09-01',1,'2012-09-01',3),
 (2776,'teste carga 5',55,'2012-10-01',1,'2012-10-01',3),
 (2777,'teste carga 5',55,'2012-11-01',1,'2012-11-01',3),
 (2778,'teste carga 5',55,'2012-12-01',1,'2012-12-01',3),
 (2779,'teste carga 5',55,'2013-01-01',1,'2013-01-01',3),
 (2780,'teste carga 5',55,'2013-02-01',1,'2013-02-01',3),
 (2781,'teste carga 5',55,'2013-03-01',1,'2013-03-01',3),
 (2782,'teste carga 5',55,'2013-04-01',1,'2013-04-01',3),
 (2783,'teste carga 5',55,'2013-05-01',1,'2013-05-01',3),
 (2784,'teste carga 5',55,'2013-06-01',1,'2013-06-01',3),
 (2785,'teste carga 5',55,'2013-07-01',1,'2013-07-01',3),
 (2786,'teste carga 5',55,'2013-08-01',1,'2013-08-01',3),
 (2787,'teste carga 5',55,'2013-09-01',1,'2013-09-01',3),
 (2788,'teste carga 5',55,'2013-10-01',1,'2013-10-01',3),
 (2789,'teste carga 5',55,'2013-11-01',1,'2013-11-01',3),
 (2790,'teste carga 5',55,'2013-12-01',1,'2013-12-01',3),
 (2791,'teste carga 5',55,'2014-01-01',1,'2014-01-01',3),
 (2792,'teste carga 5',55,'2014-02-01',1,'2014-02-01',3),
 (2793,'teste carga 5',55,'2014-03-01',1,'2014-03-01',3),
 (2794,'teste carga 5',55,'2014-04-01',1,'2014-04-01',3),
 (2795,'teste carga 5',55,'2014-05-01',1,'2014-05-01',3),
 (2796,'teste carga 5',55,'2014-06-01',1,'2014-06-01',3),
 (2797,'teste carga 5',55,'2014-07-01',1,'2014-07-01',3),
 (2798,'teste carga 5',55,'2014-08-01',1,'2014-08-01',3),
 (2799,'teste carga 5',55,'2014-09-01',1,'2014-09-01',3),
 (2800,'teste carga 5',55,'2014-10-01',1,'2014-10-01',3),
 (2801,'teste carga 5',55,'2014-11-01',1,'2014-11-01',3),
 (2802,'teste carga 5',55,'2014-12-01',1,'2014-12-01',3),
 (2803,'teste carga 5',55,'2015-01-01',1,'2015-01-01',3),
 (2804,'teste carga 5',55,'2010-01-01',1,'2010-01-01',3),
 (2805,'teste carga 5',55,'2010-02-01',1,'2010-02-01',4),
 (2806,'teste carga 5',55,'2010-03-01',1,'2010-03-01',4),
 (2807,'teste carga 5',55,'2010-04-01',1,'2010-04-01',4),
 (2808,'teste carga 5',55,'2010-05-01',1,'2010-05-01',4),
 (2809,'teste carga 5',55,'2010-06-01',1,'2010-06-01',4),
 (2810,'teste carga 5',55,'2010-07-01',1,'2010-07-01',4),
 (2811,'teste carga 5',55,'2010-08-01',1,'2010-08-01',4),
 (2812,'teste carga 5',55,'2010-09-01',1,'2010-09-01',4),
 (2813,'teste carga 5',55,'2010-10-01',1,'2010-10-01',4),
 (2814,'teste carga 5',55,'2010-11-01',1,'2010-11-01',4),
 (2815,'teste carga 5',55,'2010-12-01',1,'2010-12-01',4),
 (2816,'teste carga 5',55,'2011-01-01',1,'2011-01-01',4),
 (2817,'teste carga 5',55,'2011-02-01',1,'2011-02-01',4),
 (2818,'teste carga 5',55,'2011-03-01',1,'2011-03-01',4),
 (2819,'teste carga 5',55,'2011-04-01',1,'2011-04-01',4),
 (2820,'teste carga 5',55,'2011-05-01',1,'2011-05-01',4),
 (2821,'teste carga 5',55,'2011-06-01',1,'2011-06-01',4),
 (2822,'teste carga 5',55,'2011-07-01',1,'2011-07-01',4),
 (2823,'teste carga 5',55,'2011-08-01',1,'2011-08-01',4),
 (2824,'teste carga 5',55,'2011-09-01',1,'2011-09-01',4),
 (2825,'teste carga 5',55,'2011-10-01',1,'2011-10-01',4),
 (2826,'teste carga 5',55,'2011-11-01',1,'2011-11-01',4),
 (2827,'teste carga 5',55,'2011-12-01',1,'2011-12-01',4),
 (2828,'teste carga 5',55,'2012-01-01',1,'2012-01-01',4),
 (2829,'teste carga 5',55,'2012-02-01',1,'2012-02-01',4),
 (2830,'teste carga 5',55,'2012-03-01',1,'2012-03-01',4),
 (2831,'teste carga 5',55,'2012-04-01',1,'2012-04-01',4),
 (2832,'teste carga 5',55,'2012-05-01',1,'2012-05-01',4),
 (2833,'teste carga 5',55,'2012-06-01',1,'2012-06-01',4),
 (2834,'teste carga 5',55,'2012-07-01',1,'2012-07-01',4),
 (2835,'teste carga 5',55,'2012-08-01',1,'2012-08-01',4),
 (2836,'teste carga 5',55,'2012-09-01',1,'2012-09-01',4),
 (2837,'teste carga 5',55,'2012-10-01',1,'2012-10-01',4),
 (2838,'teste carga 5',55,'2012-11-01',1,'2012-11-01',4),
 (2839,'teste carga 5',55,'2012-12-01',1,'2012-12-01',4),
 (2840,'teste carga 5',55,'2013-01-01',1,'2013-01-01',4),
 (2841,'teste carga 5',55,'2013-02-01',1,'2013-02-01',4),
 (2842,'teste carga 5',55,'2013-03-01',1,'2013-03-01',4),
 (2843,'teste carga 5',55,'2013-04-01',1,'2013-04-01',4),
 (2844,'teste carga 5',55,'2013-05-01',1,'2013-05-01',4),
 (2845,'teste carga 5',55,'2013-06-01',1,'2013-06-01',4),
 (2846,'teste carga 5',55,'2013-07-01',1,'2013-07-01',4),
 (2847,'teste carga 5',55,'2013-08-01',1,'2013-08-01',4),
 (2848,'teste carga 5',55,'2013-09-01',1,'2013-09-01',4),
 (2849,'teste carga 5',55,'2013-10-01',1,'2013-10-01',4),
 (2850,'teste carga 5',55,'2013-11-01',1,'2013-11-01',4),
 (2851,'teste carga 5',55,'2013-12-01',1,'2013-12-01',4),
 (2852,'teste carga 5',55,'2014-01-01',1,'2014-01-01',4),
 (2853,'teste carga 5',55,'2014-02-01',1,'2014-02-01',4),
 (2854,'teste carga 5',55,'2014-03-01',1,'2014-03-01',4),
 (2855,'teste carga 5',55,'2014-04-01',1,'2014-04-01',4),
 (2856,'teste carga 5',55,'2014-05-01',1,'2014-05-01',4),
 (2857,'teste carga 5',55,'2014-06-01',1,'2014-06-01',4),
 (2858,'teste carga 5',55,'2014-07-01',1,'2014-07-01',4),
 (2859,'teste carga 5',55,'2014-08-01',1,'2014-08-01',4),
 (2860,'teste carga 5',55,'2014-09-01',1,'2014-09-01',4),
 (2861,'teste carga 5',55,'2014-10-01',1,'2014-10-01',4),
 (2862,'teste carga 5',55,'2014-11-01',1,'2014-11-01',4),
 (2863,'teste carga 5',55,'2014-12-01',1,'2014-12-01',4),
 (2864,'teste carga 5',55,'2015-01-01',1,'2015-01-01',4),
 (2865,'teste carga 5',55,'2010-01-01',1,'2010-01-01',4),
 (2866,'teste carga 5',55,'2010-02-01',1,'2010-02-01',5),
 (2867,'teste carga 5',55,'2010-03-01',1,'2010-03-01',5),
 (2868,'teste carga 5',55,'2010-04-01',1,'2010-04-01',5),
 (2869,'teste carga 5',55,'2010-05-01',1,'2010-05-01',5),
 (2870,'teste carga 5',55,'2010-06-01',1,'2010-06-01',5),
 (2871,'teste carga 5',55,'2010-07-01',1,'2010-07-01',5),
 (2872,'teste carga 5',55,'2010-08-01',1,'2010-08-01',5),
 (2873,'teste carga 5',55,'2010-09-01',1,'2010-09-01',5),
 (2874,'teste carga 5',55,'2010-10-01',1,'2010-10-01',5),
 (2875,'teste carga 5',55,'2010-11-01',1,'2010-11-01',5),
 (2876,'teste carga 5',55,'2010-12-01',1,'2010-12-01',5),
 (2877,'teste carga 5',55,'2011-01-01',1,'2011-01-01',5),
 (2878,'teste carga 5',55,'2011-02-01',1,'2011-02-01',5),
 (2879,'teste carga 5',55,'2011-03-01',1,'2011-03-01',5),
 (2880,'teste carga 5',55,'2011-04-01',1,'2011-04-01',5),
 (2881,'teste carga 5',55,'2011-05-01',1,'2011-05-01',5),
 (2882,'teste carga 5',55,'2011-06-01',1,'2011-06-01',5),
 (2883,'teste carga 5',55,'2011-07-01',1,'2011-07-01',5),
 (2884,'teste carga 5',55,'2011-08-01',1,'2011-08-01',5),
 (2885,'teste carga 5',55,'2011-09-01',1,'2011-09-01',5),
 (2886,'teste carga 5',55,'2011-10-01',1,'2011-10-01',5),
 (2887,'teste carga 5',55,'2011-11-01',1,'2011-11-01',5),
 (2888,'teste carga 5',55,'2011-12-01',1,'2011-12-01',5),
 (2889,'teste carga 5',55,'2012-01-01',1,'2012-01-01',5),
 (2890,'teste carga 5',55,'2012-02-01',1,'2012-02-01',5),
 (2891,'teste carga 5',55,'2012-03-01',1,'2012-03-01',5),
 (2892,'teste carga 5',55,'2012-04-01',1,'2012-04-01',5),
 (2893,'teste carga 5',55,'2012-05-01',1,'2012-05-01',5),
 (2894,'teste carga 5',55,'2012-06-01',1,'2012-06-01',5),
 (2895,'teste carga 5',55,'2012-07-01',1,'2012-07-01',5),
 (2896,'teste carga 5',55,'2012-08-01',1,'2012-08-01',5),
 (2897,'teste carga 5',55,'2012-09-01',1,'2012-09-01',5),
 (2898,'teste carga 5',55,'2012-10-01',1,'2012-10-01',5),
 (2899,'teste carga 5',55,'2012-11-01',1,'2012-11-01',5),
 (2900,'teste carga 5',55,'2012-12-01',1,'2012-12-01',5),
 (2901,'teste carga 5',55,'2013-01-01',1,'2013-01-01',5),
 (2902,'teste carga 5',55,'2013-02-01',1,'2013-02-01',5),
 (2903,'teste carga 5',55,'2013-03-01',1,'2013-03-01',5),
 (2904,'teste carga 5',55,'2013-04-01',1,'2013-04-01',5),
 (2905,'teste carga 5',55,'2013-05-01',1,'2013-05-01',5),
 (2906,'teste carga 5',55,'2013-06-01',1,'2013-06-01',5),
 (2907,'teste carga 5',55,'2013-07-01',1,'2013-07-01',5),
 (2908,'teste carga 5',55,'2013-08-01',1,'2013-08-01',5),
 (2909,'teste carga 5',55,'2013-09-01',1,'2013-09-01',5),
 (2910,'teste carga 5',55,'2013-10-01',1,'2013-10-01',5),
 (2911,'teste carga 5',55,'2013-11-01',1,'2013-11-01',5),
 (2912,'teste carga 5',55,'2013-12-01',1,'2013-12-01',5),
 (2913,'teste carga 5',55,'2014-01-01',1,'2014-01-01',5),
 (2914,'teste carga 5',55,'2014-02-01',1,'2014-02-01',5),
 (2915,'teste carga 5',55,'2014-03-01',1,'2014-03-01',5),
 (2916,'teste carga 5',55,'2014-04-01',1,'2014-04-01',5),
 (2917,'teste carga 5',55,'2014-05-01',1,'2014-05-01',5),
 (2918,'teste carga 5',55,'2014-06-01',1,'2014-06-01',5),
 (2919,'teste carga 5',55,'2014-07-01',1,'2014-07-01',5),
 (2920,'teste carga 5',55,'2014-08-01',1,'2014-08-01',5),
 (2921,'teste carga 5',55,'2014-09-01',1,'2014-09-01',5),
 (2922,'teste carga 5',55,'2014-10-01',1,'2014-10-01',5),
 (2923,'teste carga 5',55,'2014-11-01',1,'2014-11-01',5),
 (2924,'teste carga 5',55,'2014-12-01',1,'2014-12-01',5),
 (2925,'teste carga 5',55,'2015-01-01',1,'2015-01-01',5),
 (2926,'teste carga 5',55,'2010-01-01',1,'2010-01-01',5),
 (2927,'teste de carga 6',3434,'2010-02-01',1,'2010-02-01',1),
 (2928,'teste de carga 6',3434,'2010-03-01',1,'2010-03-01',1),
 (2929,'teste de carga 6',3434,'2010-04-01',1,'2010-04-01',1),
 (2930,'teste de carga 6',3434,'2010-05-01',1,'2010-05-01',1),
 (2931,'teste de carga 6',3434,'2010-06-01',1,'2010-06-01',1),
 (2932,'teste de carga 6',3434,'2010-07-01',1,'2010-07-01',1),
 (2933,'teste de carga 6',3434,'2010-08-01',1,'2010-08-01',1),
 (2934,'teste de carga 6',3434,'2010-09-01',1,'2010-09-01',1),
 (2935,'teste de carga 6',3434,'2010-10-01',1,'2010-10-01',1),
 (2936,'teste de carga 6',3434,'2010-11-01',1,'2010-11-01',1),
 (2937,'teste de carga 6',3434,'2010-12-01',1,'2010-12-01',1),
 (2938,'teste de carga 6',3434,'2011-01-01',1,'2011-01-01',1),
 (2939,'teste de carga 6',3434,'2011-02-01',1,'2011-02-01',1),
 (2940,'teste de carga 6',3434,'2011-03-01',1,'2011-03-01',1),
 (2941,'teste de carga 6',3434,'2011-04-01',1,'2011-04-01',1),
 (2942,'teste de carga 6',3434,'2011-05-01',1,'2011-05-01',1),
 (2943,'teste de carga 6',3434,'2011-06-01',1,'2011-06-01',1),
 (2944,'teste de carga 6',3434,'2011-07-01',1,'2011-07-01',1),
 (2945,'teste de carga 6',3434,'2011-08-01',1,'2011-08-01',1),
 (2946,'teste de carga 6',3434,'2011-09-01',1,'2011-09-01',1),
 (2947,'teste de carga 6',3434,'2011-10-01',1,'2011-10-01',1),
 (2948,'teste de carga 6',3434,'2011-11-01',1,'2011-11-01',1),
 (2949,'teste de carga 6',3434,'2011-12-01',1,'2011-12-01',1),
 (2950,'teste de carga 6',3434,'2012-01-01',1,'2012-01-01',1),
 (2951,'teste de carga 6',3434,'2012-02-01',1,'2012-02-01',1),
 (2952,'teste de carga 6',3434,'2012-03-01',1,'2012-03-01',1),
 (2953,'teste de carga 6',3434,'2012-04-01',1,'2012-04-01',1),
 (2954,'teste de carga 6',3434,'2012-05-01',1,'2012-05-01',1),
 (2955,'teste de carga 6',3434,'2012-06-01',1,'2012-06-01',1),
 (2956,'teste de carga 6',3434,'2012-07-01',1,'2012-07-01',1),
 (2957,'teste de carga 6',3434,'2012-08-01',1,'2012-08-01',1),
 (2958,'teste de carga 6',3434,'2012-09-01',1,'2012-09-01',1),
 (2959,'teste de carga 6',3434,'2012-10-01',1,'2012-10-01',1),
 (2960,'teste de carga 6',3434,'2012-11-01',1,'2012-11-01',1),
 (2961,'teste de carga 6',3434,'2012-12-01',1,'2012-12-01',1),
 (2962,'teste de carga 6',3434,'2013-01-01',1,'2013-01-01',1),
 (2963,'teste de carga 6',3434,'2010-01-01',1,'2010-01-01',1);
/*!40000 ALTER TABLE `income` ENABLE KEYS */;


--
-- Definition of table `income_type`
--

DROP TABLE IF EXISTS `income_type`;
CREATE TABLE `income_type` (
  `ID` bigint(20) NOT NULL,
  `DESCRIPTION` varchar(255) DEFAULT NULL,
  PRIMARY KEY (`ID`)
) ENGINE=InnoDB DEFAULT CHARSET=latin1;

--
-- Dumping data for table `income_type`
--

/*!40000 ALTER TABLE `income_type` DISABLE KEYS */;
INSERT INTO `income_type` (`ID`,`DESCRIPTION`) VALUES 
 (1,'salario'),
 (2,'mesada'),
 (3,'vale-refeicao'),
 (4,'vale-alimentacao'),
 (5,'vale-transporte');
/*!40000 ALTER TABLE `income_type` ENABLE KEYS */;


--
-- Definition of table `outcome`
--

DROP TABLE IF EXISTS `outcome`;
CREATE TABLE `outcome` (
  `ID` bigint(20) NOT NULL,
  `DESCRIPTION` varchar(255) CHARACTER SET latin1 DEFAULT NULL,
  `VALUE` double DEFAULT NULL,
  `DATE` date DEFAULT NULL,
  `USER_ID` bigint(20) DEFAULT NULL,
  `FINANTIALMONTH_DATE` date DEFAULT NULL,
  `TYPE_ID` bigint(20) DEFAULT NULL,
  PRIMARY KEY (`ID`),
  KEY `FK_outcome_FINANTIALMONTH_DATE` (`FINANTIALMONTH_DATE`),
  KEY `FK_outcome_USER_ID` (`USER_ID`),
  KEY `FK_outcome_TYPE_ID` (`TYPE_ID`),
  CONSTRAINT `FK_outcome_FINANTIALMONTH_DATE` FOREIGN KEY (`FINANTIALMONTH_DATE`) REFERENCES `finantial_month` (`DATE`),
  CONSTRAINT `FK_outcome_TYPE_ID` FOREIGN KEY (`TYPE_ID`) REFERENCES `outcome_type` (`ID`),
  CONSTRAINT `FK_outcome_USER_ID` FOREIGN KEY (`USER_ID`) REFERENCES `user` (`ID`)
) ENGINE=InnoDB DEFAULT CHARSET=utf8;

--
-- Dumping data for table `outcome`
--

/*!40000 ALTER TABLE `outcome` DISABLE KEYS */;
INSERT INTO `outcome` (`ID`,`DESCRIPTION`,`VALUE`,`DATE`,`USER_ID`,`FINANTIALMONTH_DATE`,`TYPE_ID`) VALUES 
 (1,'Despesa 1',1300,'2010-01-08',1,'2010-01-01',4),
 (51,'Despesa 2',2500,'2010-01-17',1,'2010-01-01',1),
 (101,'Despesa 666',122,'2010-02-17',1,'2010-02-01',7),
 (201,'Despesa 666666',35345435,'2010-08-18',1,'2010-08-01',3),
 (301,'Despesa 1',1200,'2010-08-01',1,'2010-08-01',6),
 (351,'rttttttttttttttttttttttttttttttttttt',122,'2010-08-19',1,'2010-08-01',8),
 (352,'rttttttttttttttttttttttttttttttttttt',122,'2010-08-19',1,'2010-08-01',8),
 (401,'rtttttttt',122,'2010-04-01',1,'2010-04-01',1),
 (451,'xxxxxxxxxxxx',6666,'2010-08-18',1,'2010-08-01',1),
 (501,'edited',12122,'2010-01-05',1,'2010-01-01',1),
 (502,'xxxxxxxxxxxx',12122,'2010-01-05',1,'2010-01-01',1),
 (652,'erwrwerwr',3424234,'2010-08-08',1,'2010-08-01',6),
 (702,'maro',223,'2010-03-10',1,'2010-03-01',1),
 (703,'junho',666,'2010-06-24',1,'2010-06-01',1),
 (752,'edillha sifro',2323,'2010-08-24',1,'2010-08-01',1),
 (801,'des',2323,'2017-11-23',1,'2017-11-01',1),
 (802,'teste',323,'2020-03-26',1,'2020-03-01',5),
 (851,'wewerw',1223,'2010-12-31',1,'2010-12-01',1),
 (901,'nova descricao666',225,'2010-09-09',1,'2010-09-01',1),
 (951,'bvxxcv edit',33223,'2011-02-16',1,'2011-02-01',1),
 (1101,'propagation',666,'2011-01-31',1,'2011-01-01',6),
 (1102,'propagation',666,'2011-02-28',1,'2011-02-01',6),
 (1103,'propagation',666,'2011-03-31',1,'2011-03-01',6),
 (1104,'propagation',666,'2011-04-30',1,'2011-04-01',6),
 (1105,'propagation',666,'2011-05-31',1,'2011-05-01',6),
 (1106,'propagation',666,'2011-06-30',1,'2011-06-01',6),
 (1107,'propagation',666,'2011-07-31',1,'2011-07-01',6),
 (1108,'propagation',666,'2011-08-31',1,'2011-08-01',6),
 (1109,'propagation',666,'2011-09-30',1,'2011-09-01',6),
 (1110,'propagation',666,'2011-10-31',1,'2011-10-01',6),
 (1111,'propagation',666,'2011-11-30',1,'2011-11-01',6),
 (1112,'propagation',666,'2011-12-31',1,'2011-12-01',6),
 (1113,'propagation',666,'2012-01-31',1,'2012-01-01',6),
 (1114,'propagation',666,'2012-02-29',1,'2012-02-01',6),
 (1115,'propagation',666,'2012-03-31',1,'2012-03-01',6),
 (1116,'propagation',666,'2012-04-30',1,'2012-04-01',6),
 (1117,'propagation',666,'2012-05-31',1,'2012-05-01',6),
 (1118,'propagation',666,'2012-06-30',1,'2012-06-01',6),
 (1119,'propagation',666,'2012-07-31',1,'2012-07-01',6),
 (1120,'propagation',666,'2012-08-31',1,'2012-08-01',6),
 (1121,'propagation',666,'2012-09-30',1,'2012-09-01',6),
 (1122,'propagation',666,'2012-10-31',1,'2012-10-01',6),
 (1123,'propagation',666,'2012-11-30',1,'2012-11-01',6),
 (1124,'propagation',666,'2012-12-31',1,'2012-12-01',6),
 (1125,'propagation',666,'2010-12-31',1,'2010-12-01',6),
 (1126,'fsdsdf',345,'2012-11-15',1,'2012-11-01',1),
 (1151,'fsdf',34234,'2010-06-05',1,'2010-06-01',1),
 (1152,'fsdf',34234,'2010-07-05',1,'2010-07-01',1),
 (1153,'fsdf',34234,'2010-08-05',1,'2010-08-01',1),
 (1154,'fsdf',34234,'2010-05-05',1,'2010-05-01',1),
 (1201,'dfsf',44,'2013-02-22',1,'2013-02-01',1),
 (1301,'rwerwe',4545,'2015-09-17',1,'2015-09-01',1),
 (1351,'sdfsdf',5445,'2015-09-18',1,'2015-09-01',1),
 (1401,'teste de carga 1',123,'2010-02-01',1,'2010-02-01',1),
 (1402,'teste de carga 1',123,'2010-03-01',1,'2010-03-01',1),
 (1403,'teste de carga 1',123,'2010-04-01',1,'2010-04-01',1),
 (1404,'teste de carga 1',123,'2010-05-01',1,'2010-05-01',1),
 (1405,'teste de carga 1',123,'2010-06-01',1,'2010-06-01',1),
 (1406,'teste de carga 1',123,'2010-07-01',1,'2010-07-01',1),
 (1407,'teste de carga 1',123,'2010-08-01',1,'2010-08-01',1),
 (1408,'teste de carga 1',123,'2010-09-01',1,'2010-09-01',1),
 (1409,'teste de carga 1',123,'2010-10-01',1,'2010-10-01',1),
 (1410,'teste de carga 1',123,'2010-11-01',1,'2010-11-01',1),
 (1411,'teste de carga 1',123,'2010-12-01',1,'2010-12-01',1),
 (1412,'teste de carga 1',123,'2011-01-01',1,'2011-01-01',1),
 (1413,'teste de carga 1',123,'2011-02-01',1,'2011-02-01',1),
 (1414,'teste de carga 1',123,'2011-03-01',1,'2011-03-01',1),
 (1415,'teste de carga 1',123,'2011-04-01',1,'2011-04-01',1),
 (1416,'teste de carga 1',123,'2011-05-01',1,'2011-05-01',1),
 (1417,'teste de carga 1',123,'2011-06-01',1,'2011-06-01',1),
 (1418,'teste de carga 1',123,'2011-07-01',1,'2011-07-01',1),
 (1419,'teste de carga 1',123,'2011-08-01',1,'2011-08-01',1),
 (1420,'teste de carga 1',123,'2011-09-01',1,'2011-09-01',1),
 (1421,'teste de carga 1',123,'2011-10-01',1,'2011-10-01',1),
 (1422,'teste de carga 1',123,'2011-11-01',1,'2011-11-01',1),
 (1423,'teste de carga 1',123,'2011-12-01',1,'2011-12-01',1),
 (1424,'teste de carga 1',123,'2012-01-01',1,'2012-01-01',1),
 (1425,'teste de carga 1',123,'2012-02-01',1,'2012-02-01',1),
 (1426,'teste de carga 1',123,'2012-03-01',1,'2012-03-01',1),
 (1427,'teste de carga 1',123,'2012-04-01',1,'2012-04-01',1),
 (1428,'teste de carga 1',123,'2012-05-01',1,'2012-05-01',1),
 (1429,'teste de carga 1',123,'2012-06-01',1,'2012-06-01',1),
 (1430,'teste de carga 1',123,'2012-07-01',1,'2012-07-01',1),
 (1431,'teste de carga 1',123,'2012-08-01',1,'2012-08-01',1),
 (1432,'teste de carga 1',123,'2012-09-01',1,'2012-09-01',1),
 (1433,'teste de carga 1',123,'2012-10-01',1,'2012-10-01',1),
 (1434,'teste de carga 1',123,'2012-11-01',1,'2012-11-01',1),
 (1435,'teste de carga 1',123,'2012-12-01',1,'2012-12-01',1),
 (1436,'teste de carga 1',123,'2013-01-01',1,'2013-01-01',1),
 (1437,'teste de carga 1',123,'2013-02-01',1,'2013-02-01',1),
 (1438,'teste de carga 1',123,'2013-03-01',1,'2013-03-01',1),
 (1439,'teste de carga 1',123,'2013-04-01',1,'2013-04-01',1),
 (1440,'teste de carga 1',123,'2013-05-01',1,'2013-05-01',1),
 (1441,'teste de carga 1',123,'2013-06-01',1,'2013-06-01',1),
 (1442,'teste de carga 1',123,'2013-07-01',1,'2013-07-01',1),
 (1443,'teste de carga 1',123,'2013-08-01',1,'2013-08-01',1),
 (1444,'teste de carga 1',123,'2013-09-01',1,'2013-09-01',1),
 (1445,'teste de carga 1',123,'2013-10-01',1,'2013-10-01',1),
 (1446,'teste de carga 1',123,'2013-11-01',1,'2013-11-01',1),
 (1447,'teste de carga 1',123,'2013-12-01',1,'2013-12-01',1),
 (1448,'teste de carga 1',123,'2014-01-01',1,'2014-01-01',1),
 (1449,'teste de carga 1',123,'2014-02-01',1,'2014-02-01',1),
 (1450,'teste de carga 1',123,'2014-03-01',1,'2014-03-01',1),
 (1451,'teste de carga 1',123,'2014-04-01',1,'2014-04-01',1),
 (1452,'teste de carga 1',123,'2014-05-01',1,'2014-05-01',1),
 (1453,'teste de carga 1',123,'2014-06-01',1,'2014-06-01',1),
 (1454,'teste de carga 1',123,'2014-07-01',1,'2014-07-01',1),
 (1455,'teste de carga 1',123,'2014-08-01',1,'2014-08-01',1),
 (1456,'teste de carga 1',123,'2014-09-01',1,'2014-09-01',1),
 (1457,'teste de carga 1',123,'2014-10-01',1,'2014-10-01',1),
 (1458,'teste de carga 1',123,'2014-11-01',1,'2014-11-01',1),
 (1459,'teste de carga 1',123,'2014-12-01',1,'2014-12-01',1),
 (1460,'teste de carga 1',123,'2015-01-01',1,'2015-01-01',1),
 (1461,'teste de carga 1',123,'2010-01-01',1,'2010-01-01',1),
 (1462,'dfsdf',34234,'2015-02-11',1,'2015-02-01',1),
 (1463,'teste de carga 2',6666666,'2010-02-01',1,'2010-02-01',1),
 (1464,'teste de carga 2',6666666,'2010-03-01',1,'2010-03-01',1),
 (1465,'teste de carga 2',6666666,'2010-04-01',1,'2010-04-01',1),
 (1466,'teste de carga 2',6666666,'2010-05-01',1,'2010-05-01',1),
 (1467,'teste de carga 2',6666666,'2010-06-01',1,'2010-06-01',1),
 (1468,'teste de carga 2',6666666,'2010-07-01',1,'2010-07-01',1),
 (1469,'teste de carga 2',6666666,'2010-08-01',1,'2010-08-01',1),
 (1470,'teste de carga 2',6666666,'2010-09-01',1,'2010-09-01',1),
 (1471,'teste de carga 2',6666666,'2010-10-01',1,'2010-10-01',1),
 (1472,'teste de carga 2',6666666,'2010-11-01',1,'2010-11-01',1),
 (1473,'teste de carga 2',6666666,'2010-12-01',1,'2010-12-01',1),
 (1474,'teste de carga 2',6666666,'2011-01-01',1,'2011-01-01',1),
 (1475,'teste de carga 2',6666666,'2011-02-01',1,'2011-02-01',1),
 (1476,'teste de carga 2',6666666,'2011-03-01',1,'2011-03-01',1),
 (1477,'teste de carga 2',6666666,'2011-04-01',1,'2011-04-01',1),
 (1478,'teste de carga 2',6666666,'2011-05-01',1,'2011-05-01',1),
 (1479,'teste de carga 2',6666666,'2011-06-01',1,'2011-06-01',1),
 (1480,'teste de carga 2',6666666,'2011-07-01',1,'2011-07-01',1),
 (1481,'teste de carga 2',6666666,'2011-08-01',1,'2011-08-01',1),
 (1482,'teste de carga 2',6666666,'2011-09-01',1,'2011-09-01',1),
 (1483,'teste de carga 2',6666666,'2011-10-01',1,'2011-10-01',1),
 (1484,'teste de carga 2',6666666,'2011-11-01',1,'2011-11-01',1),
 (1485,'teste de carga 2',6666666,'2011-12-01',1,'2011-12-01',1),
 (1486,'teste de carga 2',6666666,'2012-01-01',1,'2012-01-01',1),
 (1487,'teste de carga 2',6666666,'2012-02-01',1,'2012-02-01',1),
 (1488,'teste de carga 2',6666666,'2012-03-01',1,'2012-03-01',1),
 (1489,'teste de carga 2',6666666,'2012-04-01',1,'2012-04-01',1),
 (1490,'teste de carga 2',6666666,'2012-05-01',1,'2012-05-01',1),
 (1491,'teste de carga 2',6666666,'2012-06-01',1,'2012-06-01',1),
 (1492,'teste de carga 2',6666666,'2012-07-01',1,'2012-07-01',1),
 (1493,'teste de carga 2',6666666,'2012-08-01',1,'2012-08-01',1),
 (1494,'teste de carga 2',6666666,'2012-09-01',1,'2012-09-01',1),
 (1495,'teste de carga 2',6666666,'2012-10-01',1,'2012-10-01',1),
 (1496,'teste de carga 2',6666666,'2012-11-01',1,'2012-11-01',1),
 (1497,'teste de carga 2',6666666,'2012-12-01',1,'2012-12-01',1),
 (1498,'teste de carga 2',6666666,'2013-01-01',1,'2013-01-01',1),
 (1499,'teste de carga 2',6666666,'2013-02-01',1,'2013-02-01',1),
 (1500,'teste de carga 2',6666666,'2013-03-01',1,'2013-03-01',1),
 (1501,'teste de carga 2',6666666,'2013-04-01',1,'2013-04-01',1),
 (1502,'teste de carga 2',6666666,'2013-05-01',1,'2013-05-01',1),
 (1503,'teste de carga 2',6666666,'2013-06-01',1,'2013-06-01',1),
 (1504,'teste de carga 2',6666666,'2013-07-01',1,'2013-07-01',1),
 (1505,'teste de carga 2',6666666,'2013-08-01',1,'2013-08-01',1),
 (1506,'teste de carga 2',6666666,'2013-09-01',1,'2013-09-01',1),
 (1507,'teste de carga 2',6666666,'2013-10-01',1,'2013-10-01',1),
 (1508,'teste de carga 2',6666666,'2013-11-01',1,'2013-11-01',1),
 (1509,'teste de carga 2',6666666,'2013-12-01',1,'2013-12-01',1),
 (1510,'teste de carga 2',6666666,'2014-01-01',1,'2014-01-01',1),
 (1511,'teste de carga 2',6666666,'2014-02-01',1,'2014-02-01',1),
 (1512,'teste de carga 2',6666666,'2014-03-01',1,'2014-03-01',1),
 (1513,'teste de carga 2',6666666,'2014-04-01',1,'2014-04-01',1),
 (1514,'teste de carga 2',6666666,'2014-05-01',1,'2014-05-01',1),
 (1515,'teste de carga 2',6666666,'2014-06-01',1,'2014-06-01',1),
 (1516,'teste de carga 2',6666666,'2014-07-01',1,'2014-07-01',1),
 (1517,'teste de carga 2',6666666,'2014-08-01',1,'2014-08-01',1),
 (1518,'teste de carga 2',6666666,'2014-09-01',1,'2014-09-01',1),
 (1519,'teste de carga 2',6666666,'2014-10-01',1,'2014-10-01',1),
 (1520,'teste de carga 2',6666666,'2014-11-01',1,'2014-11-01',1),
 (1521,'teste de carga 2',6666666,'2014-12-01',1,'2014-12-01',1),
 (1522,'teste de carga 2',6666666,'2015-01-01',1,'2015-01-01',1),
 (1523,'teste de carga 2',6666666,'2010-01-01',1,'2010-01-01',1),
 (1524,'teste de carga 2',6666666,'2010-02-01',1,'2010-02-01',2),
 (1525,'teste de carga 2',6666666,'2010-03-01',1,'2010-03-01',2),
 (1526,'teste de carga 2',6666666,'2010-04-01',1,'2010-04-01',2),
 (1527,'teste de carga 2',6666666,'2010-05-01',1,'2010-05-01',2),
 (1528,'teste de carga 2',6666666,'2010-06-01',1,'2010-06-01',2),
 (1529,'teste de carga 2',6666666,'2010-07-01',1,'2010-07-01',2),
 (1530,'teste de carga 2',6666666,'2010-08-01',1,'2010-08-01',2),
 (1531,'teste de carga 2',6666666,'2010-09-01',1,'2010-09-01',2),
 (1532,'teste de carga 2',6666666,'2010-10-01',1,'2010-10-01',2),
 (1533,'teste de carga 2',6666666,'2010-11-01',1,'2010-11-01',2),
 (1534,'teste de carga 2',6666666,'2010-12-01',1,'2010-12-01',2),
 (1535,'teste de carga 2',6666666,'2011-01-01',1,'2011-01-01',2),
 (1536,'teste de carga 2',6666666,'2011-02-01',1,'2011-02-01',2),
 (1537,'teste de carga 2',6666666,'2011-03-01',1,'2011-03-01',2),
 (1538,'teste de carga 2',6666666,'2011-04-01',1,'2011-04-01',2),
 (1539,'teste de carga 2',6666666,'2011-05-01',1,'2011-05-01',2),
 (1540,'teste de carga 2',6666666,'2011-06-01',1,'2011-06-01',2),
 (1541,'teste de carga 2',6666666,'2011-07-01',1,'2011-07-01',2),
 (1542,'teste de carga 2',6666666,'2011-08-01',1,'2011-08-01',2),
 (1543,'teste de carga 2',6666666,'2011-09-01',1,'2011-09-01',2),
 (1544,'teste de carga 2',6666666,'2011-10-01',1,'2011-10-01',2),
 (1545,'teste de carga 2',6666666,'2011-11-01',1,'2011-11-01',2),
 (1546,'teste de carga 2',6666666,'2011-12-01',1,'2011-12-01',2),
 (1547,'teste de carga 2',6666666,'2012-01-01',1,'2012-01-01',2),
 (1548,'teste de carga 2',6666666,'2012-02-01',1,'2012-02-01',2),
 (1549,'teste de carga 2',6666666,'2012-03-01',1,'2012-03-01',2),
 (1550,'teste de carga 2',6666666,'2012-04-01',1,'2012-04-01',2),
 (1551,'teste de carga 2',6666666,'2012-05-01',1,'2012-05-01',2),
 (1552,'teste de carga 2',6666666,'2012-06-01',1,'2012-06-01',2),
 (1553,'teste de carga 2',6666666,'2012-07-01',1,'2012-07-01',2),
 (1554,'teste de carga 2',6666666,'2012-08-01',1,'2012-08-01',2),
 (1555,'teste de carga 2',6666666,'2012-09-01',1,'2012-09-01',2),
 (1556,'teste de carga 2',6666666,'2012-10-01',1,'2012-10-01',2),
 (1557,'teste de carga 2',6666666,'2012-11-01',1,'2012-11-01',2),
 (1558,'teste de carga 2',6666666,'2012-12-01',1,'2012-12-01',2),
 (1559,'teste de carga 2',6666666,'2013-01-01',1,'2013-01-01',2),
 (1560,'teste de carga 2',6666666,'2013-02-01',1,'2013-02-01',2),
 (1561,'teste de carga 2',6666666,'2013-03-01',1,'2013-03-01',2),
 (1562,'teste de carga 2',6666666,'2013-04-01',1,'2013-04-01',2),
 (1563,'teste de carga 2',6666666,'2013-05-01',1,'2013-05-01',2),
 (1564,'teste de carga 2',6666666,'2013-06-01',1,'2013-06-01',2),
 (1565,'teste de carga 2',6666666,'2013-07-01',1,'2013-07-01',2),
 (1566,'teste de carga 2',6666666,'2013-08-01',1,'2013-08-01',2),
 (1567,'teste de carga 2',6666666,'2013-09-01',1,'2013-09-01',2),
 (1568,'teste de carga 2',6666666,'2013-10-01',1,'2013-10-01',2),
 (1569,'teste de carga 2',6666666,'2013-11-01',1,'2013-11-01',2),
 (1570,'teste de carga 2',6666666,'2013-12-01',1,'2013-12-01',2),
 (1571,'teste de carga 2',6666666,'2014-01-01',1,'2014-01-01',2),
 (1572,'teste de carga 2',6666666,'2014-02-01',1,'2014-02-01',2),
 (1573,'teste de carga 2',6666666,'2014-03-01',1,'2014-03-01',2),
 (1574,'teste de carga 2',6666666,'2014-04-01',1,'2014-04-01',2),
 (1575,'teste de carga 2',6666666,'2014-05-01',1,'2014-05-01',2),
 (1576,'teste de carga 2',6666666,'2014-06-01',1,'2014-06-01',2),
 (1577,'teste de carga 2',6666666,'2014-07-01',1,'2014-07-01',2),
 (1578,'teste de carga 2',6666666,'2014-08-01',1,'2014-08-01',2),
 (1579,'teste de carga 2',6666666,'2014-09-01',1,'2014-09-01',2),
 (1580,'teste de carga 2',6666666,'2014-10-01',1,'2014-10-01',2),
 (1581,'teste de carga 2',6666666,'2014-11-01',1,'2014-11-01',2),
 (1582,'teste de carga 2',6666666,'2014-12-01',1,'2014-12-01',2),
 (1583,'teste de carga 2',6666666,'2015-01-01',1,'2015-01-01',2),
 (1584,'teste de carga 2',6666666,'2010-01-01',1,'2010-01-01',2),
 (1585,'teste de carga 2',6666666,'2010-02-01',1,'2010-02-01',3),
 (1586,'teste de carga 2',6666666,'2010-03-01',1,'2010-03-01',3),
 (1587,'teste de carga 2',6666666,'2010-04-01',1,'2010-04-01',3),
 (1588,'teste de carga 2',6666666,'2010-05-01',1,'2010-05-01',3),
 (1589,'teste de carga 2',6666666,'2010-06-01',1,'2010-06-01',3),
 (1590,'teste de carga 2',6666666,'2010-07-01',1,'2010-07-01',3),
 (1591,'teste de carga 2',6666666,'2010-08-01',1,'2010-08-01',3),
 (1592,'teste de carga 2',6666666,'2010-09-01',1,'2010-09-01',3),
 (1593,'teste de carga 2',6666666,'2010-10-01',1,'2010-10-01',3),
 (1594,'teste de carga 2',6666666,'2010-11-01',1,'2010-11-01',3),
 (1595,'teste de carga 2',6666666,'2010-12-01',1,'2010-12-01',3),
 (1596,'teste de carga 2',6666666,'2011-01-01',1,'2011-01-01',3),
 (1597,'teste de carga 2',6666666,'2011-02-01',1,'2011-02-01',3),
 (1598,'teste de carga 2',6666666,'2011-03-01',1,'2011-03-01',3),
 (1599,'teste de carga 2',6666666,'2011-04-01',1,'2011-04-01',3),
 (1600,'teste de carga 2',6666666,'2011-05-01',1,'2011-05-01',3),
 (1601,'teste de carga 2',6666666,'2011-06-01',1,'2011-06-01',3),
 (1602,'teste de carga 2',6666666,'2011-07-01',1,'2011-07-01',3),
 (1603,'teste de carga 2',6666666,'2011-08-01',1,'2011-08-01',3),
 (1604,'teste de carga 2',6666666,'2011-09-01',1,'2011-09-01',3),
 (1605,'teste de carga 2',6666666,'2011-10-01',1,'2011-10-01',3),
 (1606,'teste de carga 2',6666666,'2011-11-01',1,'2011-11-01',3),
 (1607,'teste de carga 2',6666666,'2011-12-01',1,'2011-12-01',3),
 (1608,'teste de carga 2',6666666,'2012-01-01',1,'2012-01-01',3),
 (1609,'teste de carga 2',6666666,'2012-02-01',1,'2012-02-01',3),
 (1610,'teste de carga 2',6666666,'2012-03-01',1,'2012-03-01',3),
 (1611,'teste de carga 2',6666666,'2012-04-01',1,'2012-04-01',3),
 (1612,'teste de carga 2',6666666,'2012-05-01',1,'2012-05-01',3),
 (1613,'teste de carga 2',6666666,'2012-06-01',1,'2012-06-01',3),
 (1614,'teste de carga 2',6666666,'2012-07-01',1,'2012-07-01',3),
 (1615,'teste de carga 2',6666666,'2012-08-01',1,'2012-08-01',3),
 (1616,'teste de carga 2',6666666,'2012-09-01',1,'2012-09-01',3),
 (1617,'teste de carga 2',6666666,'2012-10-01',1,'2012-10-01',3),
 (1618,'teste de carga 2',6666666,'2012-11-01',1,'2012-11-01',3),
 (1619,'teste de carga 2',6666666,'2012-12-01',1,'2012-12-01',3),
 (1620,'teste de carga 2',6666666,'2013-01-01',1,'2013-01-01',3),
 (1621,'teste de carga 2',6666666,'2013-02-01',1,'2013-02-01',3),
 (1622,'teste de carga 2',6666666,'2013-03-01',1,'2013-03-01',3),
 (1623,'teste de carga 2',6666666,'2013-04-01',1,'2013-04-01',3),
 (1624,'teste de carga 2',6666666,'2013-05-01',1,'2013-05-01',3),
 (1625,'teste de carga 2',6666666,'2013-06-01',1,'2013-06-01',3),
 (1626,'teste de carga 2',6666666,'2013-07-01',1,'2013-07-01',3),
 (1627,'teste de carga 2',6666666,'2013-08-01',1,'2013-08-01',3),
 (1628,'teste de carga 2',6666666,'2013-09-01',1,'2013-09-01',3),
 (1629,'teste de carga 2',6666666,'2013-10-01',1,'2013-10-01',3),
 (1630,'teste de carga 2',6666666,'2013-11-01',1,'2013-11-01',3),
 (1631,'teste de carga 2',6666666,'2013-12-01',1,'2013-12-01',3),
 (1632,'teste de carga 2',6666666,'2014-01-01',1,'2014-01-01',3),
 (1633,'teste de carga 2',6666666,'2014-02-01',1,'2014-02-01',3),
 (1634,'teste de carga 2',6666666,'2014-03-01',1,'2014-03-01',3),
 (1635,'teste de carga 2',6666666,'2014-04-01',1,'2014-04-01',3),
 (1636,'teste de carga 2',6666666,'2014-05-01',1,'2014-05-01',3),
 (1637,'teste de carga 2',6666666,'2014-06-01',1,'2014-06-01',3),
 (1638,'teste de carga 2',6666666,'2014-07-01',1,'2014-07-01',3),
 (1639,'teste de carga 2',6666666,'2014-08-01',1,'2014-08-01',3),
 (1640,'teste de carga 2',6666666,'2014-09-01',1,'2014-09-01',3),
 (1641,'teste de carga 2',6666666,'2014-10-01',1,'2014-10-01',3),
 (1642,'teste de carga 2',6666666,'2014-11-01',1,'2014-11-01',3),
 (1643,'teste de carga 2',6666666,'2014-12-01',1,'2014-12-01',3),
 (1644,'teste de carga 2',6666666,'2015-01-01',1,'2015-01-01',3),
 (1645,'teste de carga 2',6666666,'2010-01-01',1,'2010-01-01',3),
 (2134,'teste de carga 4',4444,'2010-02-01',1,'2010-02-01',2),
 (2135,'teste de carga 4',4444,'2010-03-01',1,'2010-03-01',2),
 (2136,'teste de carga 4',4444,'2010-04-01',1,'2010-04-01',2),
 (2137,'teste de carga 4',4444,'2010-05-01',1,'2010-05-01',2),
 (2138,'teste de carga 4',4444,'2010-06-01',1,'2010-06-01',2),
 (2139,'teste de carga 4',4444,'2010-07-01',1,'2010-07-01',2),
 (2140,'teste de carga 4',4444,'2010-08-01',1,'2010-08-01',2),
 (2141,'teste de carga 4',4444,'2010-09-01',1,'2010-09-01',2),
 (2142,'teste de carga 4',4444,'2010-10-01',1,'2010-10-01',2),
 (2143,'teste de carga 4',4444,'2010-11-01',1,'2010-11-01',2),
 (2144,'teste de carga 4',4444,'2010-12-01',1,'2010-12-01',2),
 (2145,'teste de carga 4',4444,'2011-01-01',1,'2011-01-01',2),
 (2146,'teste de carga 4',4444,'2011-02-01',1,'2011-02-01',2),
 (2147,'teste de carga 4',4444,'2011-03-01',1,'2011-03-01',2),
 (2148,'teste de carga 4',4444,'2011-04-01',1,'2011-04-01',2),
 (2149,'teste de carga 4',4444,'2011-05-01',1,'2011-05-01',2),
 (2150,'teste de carga 4',4444,'2011-06-01',1,'2011-06-01',2),
 (2151,'teste de carga 4',4444,'2011-07-01',1,'2011-07-01',2),
 (2152,'teste de carga 4',4444,'2011-08-01',1,'2011-08-01',2),
 (2153,'teste de carga 4',4444,'2011-09-01',1,'2011-09-01',2),
 (2154,'teste de carga 4',4444,'2011-10-01',1,'2011-10-01',2),
 (2155,'teste de carga 4',4444,'2011-11-01',1,'2011-11-01',2),
 (2156,'teste de carga 4',4444,'2011-12-01',1,'2011-12-01',2),
 (2157,'teste de carga 4',4444,'2012-01-01',1,'2012-01-01',2),
 (2158,'teste de carga 4',4444,'2012-02-01',1,'2012-02-01',2),
 (2159,'teste de carga 4',4444,'2012-03-01',1,'2012-03-01',2),
 (2160,'teste de carga 4',4444,'2012-04-01',1,'2012-04-01',2),
 (2161,'teste de carga 4',4444,'2012-05-01',1,'2012-05-01',2),
 (2162,'teste de carga 4',4444,'2012-06-01',1,'2012-06-01',2),
 (2163,'teste de carga 4',4444,'2012-07-01',1,'2012-07-01',2),
 (2164,'teste de carga 4',4444,'2012-08-01',1,'2012-08-01',2),
 (2165,'teste de carga 4',4444,'2012-09-01',1,'2012-09-01',2),
 (2166,'teste de carga 4',4444,'2012-10-01',1,'2012-10-01',2),
 (2167,'teste de carga 4',4444,'2012-11-01',1,'2012-11-01',2),
 (2168,'teste de carga 4',4444,'2012-12-01',1,'2012-12-01',2),
 (2169,'teste de carga 4',4444,'2013-01-01',1,'2013-01-01',2),
 (2170,'teste de carga 4',4444,'2013-02-01',1,'2013-02-01',2),
 (2171,'teste de carga 4',4444,'2013-03-01',1,'2013-03-01',2),
 (2172,'teste de carga 4',4444,'2013-04-01',1,'2013-04-01',2),
 (2173,'teste de carga 4',4444,'2013-05-01',1,'2013-05-01',2),
 (2174,'teste de carga 4',4444,'2013-06-01',1,'2013-06-01',2),
 (2175,'teste de carga 4',4444,'2013-07-01',1,'2013-07-01',2),
 (2176,'teste de carga 4',4444,'2013-08-01',1,'2013-08-01',2),
 (2177,'teste de carga 4',4444,'2013-09-01',1,'2013-09-01',2),
 (2178,'teste de carga 4',4444,'2013-10-01',1,'2013-10-01',2),
 (2179,'teste de carga 4',4444,'2013-11-01',1,'2013-11-01',2),
 (2180,'teste de carga 4',4444,'2013-12-01',1,'2013-12-01',2),
 (2181,'teste de carga 4',4444,'2014-01-01',1,'2014-01-01',2),
 (2182,'teste de carga 4',4444,'2014-02-01',1,'2014-02-01',2),
 (2183,'teste de carga 4',4444,'2014-03-01',1,'2014-03-01',2),
 (2184,'teste de carga 4',4444,'2014-04-01',1,'2014-04-01',2),
 (2185,'teste de carga 4',4444,'2014-05-01',1,'2014-05-01',2),
 (2186,'teste de carga 4',4444,'2014-06-01',1,'2014-06-01',2),
 (2187,'teste de carga 4',4444,'2014-07-01',1,'2014-07-01',2),
 (2188,'teste de carga 4',4444,'2014-08-01',1,'2014-08-01',2),
 (2189,'teste de carga 4',4444,'2014-09-01',1,'2014-09-01',2),
 (2190,'teste de carga 4',4444,'2014-10-01',1,'2014-10-01',2),
 (2191,'teste de carga 4',4444,'2014-11-01',1,'2014-11-01',2),
 (2192,'teste de carga 4',4444,'2014-12-01',1,'2014-12-01',2),
 (2193,'teste de carga 4',4444,'2015-01-01',1,'2015-01-01',2),
 (2194,'teste de carga 4',4444,'2010-01-01',1,'2010-01-01',2),
 (2195,'teste de carga 4',4444,'2010-02-01',1,'2010-02-01',3),
 (2196,'teste de carga 4',4444,'2010-03-01',1,'2010-03-01',3),
 (2197,'teste de carga 4',4444,'2010-04-01',1,'2010-04-01',3),
 (2198,'teste de carga 4',4444,'2010-05-01',1,'2010-05-01',3),
 (2199,'teste de carga 4',4444,'2010-06-01',1,'2010-06-01',3),
 (2200,'teste de carga 4',4444,'2010-07-01',1,'2010-07-01',3),
 (2201,'teste de carga 4',4444,'2010-08-01',1,'2010-08-01',3),
 (2202,'teste de carga 4',4444,'2010-09-01',1,'2010-09-01',3),
 (2203,'teste de carga 4',4444,'2010-10-01',1,'2010-10-01',3),
 (2204,'teste de carga 4',4444,'2010-11-01',1,'2010-11-01',3),
 (2205,'teste de carga 4',4444,'2010-12-01',1,'2010-12-01',3),
 (2206,'teste de carga 4',4444,'2011-01-01',1,'2011-01-01',3),
 (2207,'teste de carga 4',4444,'2011-02-01',1,'2011-02-01',3),
 (2208,'teste de carga 4',4444,'2011-03-01',1,'2011-03-01',3),
 (2209,'teste de carga 4',4444,'2011-04-01',1,'2011-04-01',3),
 (2210,'teste de carga 4',4444,'2011-05-01',1,'2011-05-01',3),
 (2211,'teste de carga 4',4444,'2011-06-01',1,'2011-06-01',3),
 (2212,'teste de carga 4',4444,'2011-07-01',1,'2011-07-01',3),
 (2213,'teste de carga 4',4444,'2011-08-01',1,'2011-08-01',3),
 (2214,'teste de carga 4',4444,'2011-09-01',1,'2011-09-01',3),
 (2215,'teste de carga 4',4444,'2011-10-01',1,'2011-10-01',3),
 (2216,'teste de carga 4',4444,'2011-11-01',1,'2011-11-01',3),
 (2217,'teste de carga 4',4444,'2011-12-01',1,'2011-12-01',3),
 (2218,'teste de carga 4',4444,'2012-01-01',1,'2012-01-01',3),
 (2219,'teste de carga 4',4444,'2012-02-01',1,'2012-02-01',3),
 (2220,'teste de carga 4',4444,'2012-03-01',1,'2012-03-01',3),
 (2221,'teste de carga 4',4444,'2012-04-01',1,'2012-04-01',3),
 (2222,'teste de carga 4',4444,'2012-05-01',1,'2012-05-01',3),
 (2223,'teste de carga 4',4444,'2012-06-01',1,'2012-06-01',3),
 (2224,'teste de carga 4',4444,'2012-07-01',1,'2012-07-01',3),
 (2225,'teste de carga 4',4444,'2012-08-01',1,'2012-08-01',3),
 (2226,'teste de carga 4',4444,'2012-09-01',1,'2012-09-01',3),
 (2227,'teste de carga 4',4444,'2012-10-01',1,'2012-10-01',3),
 (2228,'teste de carga 4',4444,'2012-11-01',1,'2012-11-01',3),
 (2229,'teste de carga 4',4444,'2012-12-01',1,'2012-12-01',3),
 (2230,'teste de carga 4',4444,'2013-01-01',1,'2013-01-01',3),
 (2231,'teste de carga 4',4444,'2013-02-01',1,'2013-02-01',3),
 (2232,'teste de carga 4',4444,'2013-03-01',1,'2013-03-01',3),
 (2233,'teste de carga 4',4444,'2013-04-01',1,'2013-04-01',3),
 (2234,'teste de carga 4',4444,'2013-05-01',1,'2013-05-01',3),
 (2235,'teste de carga 4',4444,'2013-06-01',1,'2013-06-01',3),
 (2236,'teste de carga 4',4444,'2013-07-01',1,'2013-07-01',3),
 (2237,'teste de carga 4',4444,'2013-08-01',1,'2013-08-01',3),
 (2238,'teste de carga 4',4444,'2013-09-01',1,'2013-09-01',3),
 (2239,'teste de carga 4',4444,'2013-10-01',1,'2013-10-01',3),
 (2240,'teste de carga 4',4444,'2013-11-01',1,'2013-11-01',3),
 (2241,'teste de carga 4',4444,'2013-12-01',1,'2013-12-01',3),
 (2242,'teste de carga 4',4444,'2014-01-01',1,'2014-01-01',3),
 (2243,'teste de carga 4',4444,'2014-02-01',1,'2014-02-01',3),
 (2244,'teste de carga 4',4444,'2014-03-01',1,'2014-03-01',3),
 (2245,'teste de carga 4',4444,'2014-04-01',1,'2014-04-01',3),
 (2246,'teste de carga 4',4444,'2014-05-01',1,'2014-05-01',3),
 (2247,'teste de carga 4',4444,'2014-06-01',1,'2014-06-01',3),
 (2248,'teste de carga 4',4444,'2014-07-01',1,'2014-07-01',3),
 (2249,'teste de carga 4',4444,'2014-08-01',1,'2014-08-01',3),
 (2250,'teste de carga 4',4444,'2014-09-01',1,'2014-09-01',3),
 (2251,'teste de carga 4',4444,'2014-10-01',1,'2014-10-01',3),
 (2252,'teste de carga 4',4444,'2014-11-01',1,'2014-11-01',3),
 (2253,'teste de carga 4',4444,'2014-12-01',1,'2014-12-01',3),
 (2254,'teste de carga 4',4444,'2015-01-01',1,'2015-01-01',3),
 (2255,'teste de carga 4',4444,'2010-01-01',1,'2010-01-01',3),
 (2256,'teste de carga 4',4444,'2010-02-01',1,'2010-02-01',4),
 (2257,'teste de carga 4',4444,'2010-03-01',1,'2010-03-01',4),
 (2258,'teste de carga 4',4444,'2010-04-01',1,'2010-04-01',4),
 (2259,'teste de carga 4',4444,'2010-05-01',1,'2010-05-01',4),
 (2260,'teste de carga 4',4444,'2010-06-01',1,'2010-06-01',4),
 (2261,'teste de carga 4',4444,'2010-07-01',1,'2010-07-01',4),
 (2262,'teste de carga 4',4444,'2010-08-01',1,'2010-08-01',4),
 (2263,'teste de carga 4',4444,'2010-09-01',1,'2010-09-01',4),
 (2264,'teste de carga 4',4444,'2010-10-01',1,'2010-10-01',4),
 (2265,'teste de carga 4',4444,'2010-11-01',1,'2010-11-01',4),
 (2266,'teste de carga 4',4444,'2010-12-01',1,'2010-12-01',4),
 (2267,'teste de carga 4',4444,'2011-01-01',1,'2011-01-01',4),
 (2268,'teste de carga 4',4444,'2011-02-01',1,'2011-02-01',4),
 (2269,'teste de carga 4',4444,'2011-03-01',1,'2011-03-01',4),
 (2270,'teste de carga 4',4444,'2011-04-01',1,'2011-04-01',4),
 (2271,'teste de carga 4',4444,'2011-05-01',1,'2011-05-01',4),
 (2272,'teste de carga 4',4444,'2011-06-01',1,'2011-06-01',4),
 (2273,'teste de carga 4',4444,'2011-07-01',1,'2011-07-01',4),
 (2274,'teste de carga 4',4444,'2011-08-01',1,'2011-08-01',4),
 (2275,'teste de carga 4',4444,'2011-09-01',1,'2011-09-01',4),
 (2276,'teste de carga 4',4444,'2011-10-01',1,'2011-10-01',4),
 (2277,'teste de carga 4',4444,'2011-11-01',1,'2011-11-01',4),
 (2278,'teste de carga 4',4444,'2011-12-01',1,'2011-12-01',4),
 (2279,'teste de carga 4',4444,'2012-01-01',1,'2012-01-01',4),
 (2280,'teste de carga 4',4444,'2012-02-01',1,'2012-02-01',4),
 (2281,'teste de carga 4',4444,'2012-03-01',1,'2012-03-01',4),
 (2282,'teste de carga 4',4444,'2012-04-01',1,'2012-04-01',4),
 (2283,'teste de carga 4',4444,'2012-05-01',1,'2012-05-01',4),
 (2284,'teste de carga 4',4444,'2012-06-01',1,'2012-06-01',4),
 (2285,'teste de carga 4',4444,'2012-07-01',1,'2012-07-01',4),
 (2286,'teste de carga 4',4444,'2012-08-01',1,'2012-08-01',4),
 (2287,'teste de carga 4',4444,'2012-09-01',1,'2012-09-01',4),
 (2288,'teste de carga 4',4444,'2012-10-01',1,'2012-10-01',4),
 (2289,'teste de carga 4',4444,'2012-11-01',1,'2012-11-01',4),
 (2290,'teste de carga 4',4444,'2012-12-01',1,'2012-12-01',4),
 (2291,'teste de carga 4',4444,'2013-01-01',1,'2013-01-01',4),
 (2292,'teste de carga 4',4444,'2013-02-01',1,'2013-02-01',4),
 (2293,'teste de carga 4',4444,'2013-03-01',1,'2013-03-01',4),
 (2294,'teste de carga 4',4444,'2013-04-01',1,'2013-04-01',4),
 (2295,'teste de carga 4',4444,'2013-05-01',1,'2013-05-01',4),
 (2296,'teste de carga 4',4444,'2013-06-01',1,'2013-06-01',4),
 (2297,'teste de carga 4',4444,'2013-07-01',1,'2013-07-01',4),
 (2298,'teste de carga 4',4444,'2013-08-01',1,'2013-08-01',4),
 (2299,'teste de carga 4',4444,'2013-09-01',1,'2013-09-01',4),
 (2300,'teste de carga 4',4444,'2013-10-01',1,'2013-10-01',4),
 (2301,'teste de carga 4',4444,'2013-11-01',1,'2013-11-01',4),
 (2302,'teste de carga 4',4444,'2013-12-01',1,'2013-12-01',4),
 (2303,'teste de carga 4',4444,'2014-01-01',1,'2014-01-01',4),
 (2304,'teste de carga 4',4444,'2014-02-01',1,'2014-02-01',4),
 (2305,'teste de carga 4',4444,'2014-03-01',1,'2014-03-01',4),
 (2306,'teste de carga 4',4444,'2014-04-01',1,'2014-04-01',4),
 (2307,'teste de carga 4',4444,'2014-05-01',1,'2014-05-01',4),
 (2308,'teste de carga 4',4444,'2014-06-01',1,'2014-06-01',4),
 (2309,'teste de carga 4',4444,'2014-07-01',1,'2014-07-01',4),
 (2310,'teste de carga 4',4444,'2014-08-01',1,'2014-08-01',4),
 (2311,'teste de carga 4',4444,'2014-09-01',1,'2014-09-01',4),
 (2312,'teste de carga 4',4444,'2014-10-01',1,'2014-10-01',4),
 (2313,'teste de carga 4',4444,'2014-11-01',1,'2014-11-01',4),
 (2314,'teste de carga 4',4444,'2014-12-01',1,'2014-12-01',4),
 (2315,'teste de carga 4',4444,'2015-01-01',1,'2015-01-01',4),
 (2316,'teste de carga 4',4444,'2010-01-01',1,'2010-01-01',4),
 (2317,'teste de carga 4',4444,'2010-02-01',1,'2010-02-01',5),
 (2318,'teste de carga 4',4444,'2010-03-01',1,'2010-03-01',5),
 (2319,'teste de carga 4',4444,'2010-04-01',1,'2010-04-01',5),
 (2320,'teste de carga 4',4444,'2010-05-01',1,'2010-05-01',5),
 (2321,'teste de carga 4',4444,'2010-06-01',1,'2010-06-01',5),
 (2322,'teste de carga 4',4444,'2010-07-01',1,'2010-07-01',5),
 (2323,'teste de carga 4',4444,'2010-08-01',1,'2010-08-01',5),
 (2324,'teste de carga 4',4444,'2010-09-01',1,'2010-09-01',5),
 (2325,'teste de carga 4',4444,'2010-10-01',1,'2010-10-01',5),
 (2326,'teste de carga 4',4444,'2010-11-01',1,'2010-11-01',5),
 (2327,'teste de carga 4',4444,'2010-12-01',1,'2010-12-01',5),
 (2328,'teste de carga 4',4444,'2011-01-01',1,'2011-01-01',5),
 (2329,'teste de carga 4',4444,'2011-02-01',1,'2011-02-01',5),
 (2330,'teste de carga 4',4444,'2011-03-01',1,'2011-03-01',5),
 (2331,'teste de carga 4',4444,'2011-04-01',1,'2011-04-01',5),
 (2332,'teste de carga 4',4444,'2011-05-01',1,'2011-05-01',5),
 (2333,'teste de carga 4',4444,'2011-06-01',1,'2011-06-01',5),
 (2334,'teste de carga 4',4444,'2011-07-01',1,'2011-07-01',5),
 (2335,'teste de carga 4',4444,'2011-08-01',1,'2011-08-01',5),
 (2336,'teste de carga 4',4444,'2011-09-01',1,'2011-09-01',5),
 (2337,'teste de carga 4',4444,'2011-10-01',1,'2011-10-01',5),
 (2338,'teste de carga 4',4444,'2011-11-01',1,'2011-11-01',5),
 (2339,'teste de carga 4',4444,'2011-12-01',1,'2011-12-01',5),
 (2340,'teste de carga 4',4444,'2012-01-01',1,'2012-01-01',5),
 (2341,'teste de carga 4',4444,'2012-02-01',1,'2012-02-01',5),
 (2342,'teste de carga 4',4444,'2012-03-01',1,'2012-03-01',5),
 (2343,'teste de carga 4',4444,'2012-04-01',1,'2012-04-01',5),
 (2344,'teste de carga 4',4444,'2012-05-01',1,'2012-05-01',5),
 (2345,'teste de carga 4',4444,'2012-06-01',1,'2012-06-01',5),
 (2346,'teste de carga 4',4444,'2012-07-01',1,'2012-07-01',5),
 (2347,'teste de carga 4',4444,'2012-08-01',1,'2012-08-01',5),
 (2348,'teste de carga 4',4444,'2012-09-01',1,'2012-09-01',5),
 (2349,'teste de carga 4',4444,'2012-10-01',1,'2012-10-01',5),
 (2350,'teste de carga 4',4444,'2012-11-01',1,'2012-11-01',5),
 (2351,'teste de carga 4',4444,'2012-12-01',1,'2012-12-01',5),
 (2352,'teste de carga 4',4444,'2013-01-01',1,'2013-01-01',5),
 (2353,'teste de carga 4',4444,'2013-02-01',1,'2013-02-01',5),
 (2354,'teste de carga 4',4444,'2013-03-01',1,'2013-03-01',5),
 (2355,'teste de carga 4',4444,'2013-04-01',1,'2013-04-01',5),
 (2356,'teste de carga 4',4444,'2013-05-01',1,'2013-05-01',5),
 (2357,'teste de carga 4',4444,'2013-06-01',1,'2013-06-01',5),
 (2358,'teste de carga 4',4444,'2013-07-01',1,'2013-07-01',5),
 (2359,'teste de carga 4',4444,'2013-08-01',1,'2013-08-01',5),
 (2360,'teste de carga 4',4444,'2013-09-01',1,'2013-09-01',5),
 (2361,'teste de carga 4',4444,'2013-10-01',1,'2013-10-01',5),
 (2362,'teste de carga 4',4444,'2013-11-01',1,'2013-11-01',5),
 (2363,'teste de carga 4',4444,'2013-12-01',1,'2013-12-01',5),
 (2364,'teste de carga 4',4444,'2014-01-01',1,'2014-01-01',5),
 (2365,'teste de carga 4',4444,'2014-02-01',1,'2014-02-01',5),
 (2366,'teste de carga 4',4444,'2014-03-01',1,'2014-03-01',5),
 (2367,'teste de carga 4',4444,'2014-04-01',1,'2014-04-01',5),
 (2368,'teste de carga 4',4444,'2014-05-01',1,'2014-05-01',5),
 (2369,'teste de carga 4',4444,'2014-06-01',1,'2014-06-01',5),
 (2370,'teste de carga 4',4444,'2014-07-01',1,'2014-07-01',5),
 (2371,'teste de carga 4',4444,'2014-08-01',1,'2014-08-01',5),
 (2372,'teste de carga 4',4444,'2014-09-01',1,'2014-09-01',5),
 (2373,'teste de carga 4',4444,'2014-10-01',1,'2014-10-01',5),
 (2374,'teste de carga 4',4444,'2014-11-01',1,'2014-11-01',5),
 (2375,'teste de carga 4',4444,'2014-12-01',1,'2014-12-01',5),
 (2376,'teste de carga 4',4444,'2015-01-01',1,'2015-01-01',5),
 (2377,'teste de carga 4',4444,'2010-01-01',1,'2010-01-01',5),
 (2378,'teste de carga 4',4444,'2010-02-01',1,'2010-02-01',5),
 (2379,'teste de carga 4',4444,'2010-03-01',1,'2010-03-01',5),
 (2380,'teste de carga 4',4444,'2010-04-01',1,'2010-04-01',5),
 (2381,'teste de carga 4',4444,'2010-05-01',1,'2010-05-01',5),
 (2382,'teste de carga 4',4444,'2010-06-01',1,'2010-06-01',5),
 (2383,'teste de carga 4',4444,'2010-07-01',1,'2010-07-01',5),
 (2384,'teste de carga 4',4444,'2010-08-01',1,'2010-08-01',5),
 (2385,'teste de carga 4',4444,'2010-09-01',1,'2010-09-01',5),
 (2386,'teste de carga 4',4444,'2010-10-01',1,'2010-10-01',5),
 (2387,'teste de carga 4',4444,'2010-11-01',1,'2010-11-01',5),
 (2388,'teste de carga 4',4444,'2010-12-01',1,'2010-12-01',5),
 (2389,'teste de carga 4',4444,'2011-01-01',1,'2011-01-01',5),
 (2390,'teste de carga 4',4444,'2011-02-01',1,'2011-02-01',5),
 (2391,'teste de carga 4',4444,'2011-03-01',1,'2011-03-01',5),
 (2392,'teste de carga 4',4444,'2011-04-01',1,'2011-04-01',5),
 (2393,'teste de carga 4',4444,'2011-05-01',1,'2011-05-01',5),
 (2394,'teste de carga 4',4444,'2011-06-01',1,'2011-06-01',5),
 (2395,'teste de carga 4',4444,'2011-07-01',1,'2011-07-01',5),
 (2396,'teste de carga 4',4444,'2011-08-01',1,'2011-08-01',5),
 (2397,'teste de carga 4',4444,'2011-09-01',1,'2011-09-01',5),
 (2398,'teste de carga 4',4444,'2011-10-01',1,'2011-10-01',5),
 (2399,'teste de carga 4',4444,'2011-11-01',1,'2011-11-01',5),
 (2400,'teste de carga 4',4444,'2011-12-01',1,'2011-12-01',5),
 (2401,'teste de carga 4',4444,'2012-01-01',1,'2012-01-01',5),
 (2402,'teste de carga 4',4444,'2012-02-01',1,'2012-02-01',5),
 (2403,'teste de carga 4',4444,'2012-03-01',1,'2012-03-01',5),
 (2404,'teste de carga 4',4444,'2012-04-01',1,'2012-04-01',5),
 (2405,'teste de carga 4',4444,'2012-05-01',1,'2012-05-01',5),
 (2406,'teste de carga 4',4444,'2012-06-01',1,'2012-06-01',5),
 (2407,'teste de carga 4',4444,'2012-07-01',1,'2012-07-01',5),
 (2408,'teste de carga 4',4444,'2012-08-01',1,'2012-08-01',5),
 (2409,'teste de carga 4',4444,'2012-09-01',1,'2012-09-01',5),
 (2410,'teste de carga 4',4444,'2012-10-01',1,'2012-10-01',5),
 (2411,'teste de carga 4',4444,'2012-11-01',1,'2012-11-01',5),
 (2412,'teste de carga 4',4444,'2012-12-01',1,'2012-12-01',5),
 (2413,'teste de carga 4',4444,'2013-01-01',1,'2013-01-01',5),
 (2414,'teste de carga 4',4444,'2013-02-01',1,'2013-02-01',5),
 (2415,'teste de carga 4',4444,'2013-03-01',1,'2013-03-01',5),
 (2416,'teste de carga 4',4444,'2013-04-01',1,'2013-04-01',5),
 (2417,'teste de carga 4',4444,'2013-05-01',1,'2013-05-01',5),
 (2418,'teste de carga 4',4444,'2013-06-01',1,'2013-06-01',5),
 (2419,'teste de carga 4',4444,'2013-07-01',1,'2013-07-01',5),
 (2420,'teste de carga 4',4444,'2013-08-01',1,'2013-08-01',5),
 (2421,'teste de carga 4',4444,'2013-09-01',1,'2013-09-01',5),
 (2422,'teste de carga 4',4444,'2013-10-01',1,'2013-10-01',5),
 (2423,'teste de carga 4',4444,'2013-11-01',1,'2013-11-01',5),
 (2424,'teste de carga 4',4444,'2013-12-01',1,'2013-12-01',5),
 (2425,'teste de carga 4',4444,'2014-01-01',1,'2014-01-01',5),
 (2426,'teste de carga 4',4444,'2014-02-01',1,'2014-02-01',5),
 (2427,'teste de carga 4',4444,'2014-03-01',1,'2014-03-01',5),
 (2428,'teste de carga 4',4444,'2014-04-01',1,'2014-04-01',5),
 (2429,'teste de carga 4',4444,'2014-05-01',1,'2014-05-01',5),
 (2430,'teste de carga 4',4444,'2014-06-01',1,'2014-06-01',5),
 (2431,'teste de carga 4',4444,'2014-07-01',1,'2014-07-01',5),
 (2432,'teste de carga 4',4444,'2014-08-01',1,'2014-08-01',5),
 (2433,'teste de carga 4',4444,'2014-09-01',1,'2014-09-01',5),
 (2434,'teste de carga 4',4444,'2014-10-01',1,'2014-10-01',5),
 (2435,'teste de carga 4',4444,'2014-11-01',1,'2014-11-01',5),
 (2436,'teste de carga 4',4444,'2014-12-01',1,'2014-12-01',5),
 (2437,'teste de carga 4',4444,'2015-01-01',1,'2015-01-01',5),
 (2438,'teste de carga 4',4444,'2010-01-01',1,'2010-01-01',5),
 (2561,'teste carga 5',55,'2010-02-01',1,'2010-02-01',1),
 (2562,'teste carga 5',55,'2010-03-01',1,'2010-03-01',1),
 (2563,'teste carga 5',55,'2010-04-01',1,'2010-04-01',1),
 (2564,'teste carga 5',55,'2010-05-01',1,'2010-05-01',1),
 (2565,'teste carga 5',55,'2010-06-01',1,'2010-06-01',1),
 (2566,'teste carga 5',55,'2010-07-01',1,'2010-07-01',1),
 (2567,'teste carga 5',55,'2010-08-01',1,'2010-08-01',1),
 (2568,'teste carga 5',55,'2010-09-01',1,'2010-09-01',1),
 (2569,'teste carga 5',55,'2010-10-01',1,'2010-10-01',1),
 (2570,'teste carga 5',55,'2010-11-01',1,'2010-11-01',1),
 (2571,'teste carga 5',55,'2010-12-01',1,'2010-12-01',1),
 (2572,'teste carga 5',55,'2011-01-01',1,'2011-01-01',1),
 (2573,'teste carga 5',55,'2011-02-01',1,'2011-02-01',1),
 (2574,'teste carga 5',55,'2011-03-01',1,'2011-03-01',1),
 (2575,'teste carga 5',55,'2011-04-01',1,'2011-04-01',1),
 (2576,'teste carga 5',55,'2011-05-01',1,'2011-05-01',1),
 (2577,'teste carga 5',55,'2011-06-01',1,'2011-06-01',1),
 (2578,'teste carga 5',55,'2011-07-01',1,'2011-07-01',1),
 (2579,'teste carga 5',55,'2011-08-01',1,'2011-08-01',1),
 (2580,'teste carga 5',55,'2011-09-01',1,'2011-09-01',1),
 (2581,'teste carga 5',55,'2011-10-01',1,'2011-10-01',1),
 (2582,'teste carga 5',55,'2011-11-01',1,'2011-11-01',1),
 (2583,'teste carga 5',55,'2011-12-01',1,'2011-12-01',1),
 (2584,'teste carga 5',55,'2012-01-01',1,'2012-01-01',1),
 (2585,'teste carga 5',55,'2012-02-01',1,'2012-02-01',1),
 (2586,'teste carga 5',55,'2012-03-01',1,'2012-03-01',1),
 (2587,'teste carga 5',55,'2012-04-01',1,'2012-04-01',1),
 (2588,'teste carga 5',55,'2012-05-01',1,'2012-05-01',1),
 (2589,'teste carga 5',55,'2012-06-01',1,'2012-06-01',1),
 (2590,'teste carga 5',55,'2012-07-01',1,'2012-07-01',1),
 (2591,'teste carga 5',55,'2012-08-01',1,'2012-08-01',1),
 (2592,'teste carga 5',55,'2012-09-01',1,'2012-09-01',1),
 (2593,'teste carga 5',55,'2012-10-01',1,'2012-10-01',1),
 (2594,'teste carga 5',55,'2012-11-01',1,'2012-11-01',1),
 (2595,'teste carga 5',55,'2012-12-01',1,'2012-12-01',1),
 (2596,'teste carga 5',55,'2013-01-01',1,'2013-01-01',1),
 (2597,'teste carga 5',55,'2013-02-01',1,'2013-02-01',1),
 (2598,'teste carga 5',55,'2013-03-01',1,'2013-03-01',1),
 (2599,'teste carga 5',55,'2013-04-01',1,'2013-04-01',1),
 (2600,'teste carga 5',55,'2013-05-01',1,'2013-05-01',1),
 (2601,'teste carga 5',55,'2013-06-01',1,'2013-06-01',1),
 (2602,'teste carga 5',55,'2013-07-01',1,'2013-07-01',1),
 (2603,'teste carga 5',55,'2013-08-01',1,'2013-08-01',1),
 (2604,'teste carga 5',55,'2013-09-01',1,'2013-09-01',1),
 (2605,'teste carga 5',55,'2013-10-01',1,'2013-10-01',1),
 (2606,'teste carga 5',55,'2013-11-01',1,'2013-11-01',1),
 (2607,'teste carga 5',55,'2013-12-01',1,'2013-12-01',1),
 (2608,'teste carga 5',55,'2014-01-01',1,'2014-01-01',1),
 (2609,'teste carga 5',55,'2014-02-01',1,'2014-02-01',1),
 (2610,'teste carga 5',55,'2014-03-01',1,'2014-03-01',1),
 (2611,'teste carga 5',55,'2014-04-01',1,'2014-04-01',1),
 (2612,'teste carga 5',55,'2014-05-01',1,'2014-05-01',1),
 (2613,'teste carga 5',55,'2014-06-01',1,'2014-06-01',1),
 (2614,'teste carga 5',55,'2014-07-01',1,'2014-07-01',1),
 (2615,'teste carga 5',55,'2014-08-01',1,'2014-08-01',1),
 (2616,'teste carga 5',55,'2014-09-01',1,'2014-09-01',1),
 (2617,'teste carga 5',55,'2014-10-01',1,'2014-10-01',1),
 (2618,'teste carga 5',55,'2014-11-01',1,'2014-11-01',1),
 (2619,'teste carga 5',55,'2014-12-01',1,'2014-12-01',1),
 (2620,'teste carga 5',55,'2015-01-01',1,'2015-01-01',1),
 (2621,'teste carga 5',55,'2010-01-01',1,'2010-01-01',1),
 (2622,'teste carga 5',55,'2010-02-01',1,'2010-02-01',1),
 (2623,'teste carga 5',55,'2010-03-01',1,'2010-03-01',1),
 (2624,'teste carga 5',55,'2010-04-01',1,'2010-04-01',1),
 (2625,'teste carga 5',55,'2010-05-01',1,'2010-05-01',1),
 (2626,'teste carga 5',55,'2010-06-01',1,'2010-06-01',1),
 (2627,'teste carga 5',55,'2010-07-01',1,'2010-07-01',1),
 (2628,'teste carga 5',55,'2010-08-01',1,'2010-08-01',1),
 (2629,'teste carga 5',55,'2010-09-01',1,'2010-09-01',1),
 (2630,'teste carga 5',55,'2010-10-01',1,'2010-10-01',1),
 (2631,'teste carga 5',55,'2010-11-01',1,'2010-11-01',1),
 (2632,'teste carga 5',55,'2010-12-01',1,'2010-12-01',1),
 (2633,'teste carga 5',55,'2011-01-01',1,'2011-01-01',1),
 (2634,'teste carga 5',55,'2011-02-01',1,'2011-02-01',1),
 (2635,'teste carga 5',55,'2011-03-01',1,'2011-03-01',1),
 (2636,'teste carga 5',55,'2011-04-01',1,'2011-04-01',1),
 (2637,'teste carga 5',55,'2011-05-01',1,'2011-05-01',1),
 (2638,'teste carga 5',55,'2011-06-01',1,'2011-06-01',1),
 (2639,'teste carga 5',55,'2011-07-01',1,'2011-07-01',1),
 (2640,'teste carga 5',55,'2011-08-01',1,'2011-08-01',1),
 (2641,'teste carga 5',55,'2011-09-01',1,'2011-09-01',1),
 (2642,'teste carga 5',55,'2011-10-01',1,'2011-10-01',1),
 (2643,'teste carga 5',55,'2011-11-01',1,'2011-11-01',1),
 (2644,'teste carga 5',55,'2011-12-01',1,'2011-12-01',1),
 (2645,'teste carga 5',55,'2012-01-01',1,'2012-01-01',1),
 (2646,'teste carga 5',55,'2012-02-01',1,'2012-02-01',1),
 (2647,'teste carga 5',55,'2012-03-01',1,'2012-03-01',1),
 (2648,'teste carga 5',55,'2012-04-01',1,'2012-04-01',1),
 (2649,'teste carga 5',55,'2012-05-01',1,'2012-05-01',1),
 (2650,'teste carga 5',55,'2012-06-01',1,'2012-06-01',1),
 (2651,'teste carga 5',55,'2012-07-01',1,'2012-07-01',1),
 (2652,'teste carga 5',55,'2012-08-01',1,'2012-08-01',1),
 (2653,'teste carga 5',55,'2012-09-01',1,'2012-09-01',1),
 (2654,'teste carga 5',55,'2012-10-01',1,'2012-10-01',1),
 (2655,'teste carga 5',55,'2012-11-01',1,'2012-11-01',1),
 (2656,'teste carga 5',55,'2012-12-01',1,'2012-12-01',1),
 (2657,'teste carga 5',55,'2013-01-01',1,'2013-01-01',1),
 (2658,'teste carga 5',55,'2013-02-01',1,'2013-02-01',1),
 (2659,'teste carga 5',55,'2013-03-01',1,'2013-03-01',1),
 (2660,'teste carga 5',55,'2013-04-01',1,'2013-04-01',1),
 (2661,'teste carga 5',55,'2013-05-01',1,'2013-05-01',1),
 (2662,'teste carga 5',55,'2013-06-01',1,'2013-06-01',1),
 (2663,'teste carga 5',55,'2013-07-01',1,'2013-07-01',1),
 (2664,'teste carga 5',55,'2013-08-01',1,'2013-08-01',1),
 (2665,'teste carga 5',55,'2013-09-01',1,'2013-09-01',1),
 (2666,'teste carga 5',55,'2013-10-01',1,'2013-10-01',1),
 (2667,'teste carga 5',55,'2013-11-01',1,'2013-11-01',1),
 (2668,'teste carga 5',55,'2013-12-01',1,'2013-12-01',1),
 (2669,'teste carga 5',55,'2014-01-01',1,'2014-01-01',1),
 (2670,'teste carga 5',55,'2014-02-01',1,'2014-02-01',1),
 (2671,'teste carga 5',55,'2014-03-01',1,'2014-03-01',1),
 (2672,'teste carga 5',55,'2014-04-01',1,'2014-04-01',1),
 (2673,'teste carga 5',55,'2014-05-01',1,'2014-05-01',1),
 (2674,'teste carga 5',55,'2014-06-01',1,'2014-06-01',1),
 (2675,'teste carga 5',55,'2014-07-01',1,'2014-07-01',1),
 (2676,'teste carga 5',55,'2014-08-01',1,'2014-08-01',1),
 (2677,'teste carga 5',55,'2014-09-01',1,'2014-09-01',1),
 (2678,'teste carga 5',55,'2014-10-01',1,'2014-10-01',1),
 (2679,'teste carga 5',55,'2014-11-01',1,'2014-11-01',1),
 (2680,'teste carga 5',55,'2014-12-01',1,'2014-12-01',1),
 (2681,'teste carga 5',55,'2015-01-01',1,'2015-01-01',1),
 (2682,'teste carga 5',55,'2010-01-01',1,'2010-01-01',1);
/*!40000 ALTER TABLE `outcome` ENABLE KEYS */;


--
-- Definition of table `outcome_type`
--

DROP TABLE IF EXISTS `outcome_type`;
CREATE TABLE `outcome_type` (
  `ID` bigint(20) NOT NULL,
  `DESCRIPTION` varchar(255) DEFAULT NULL,
  PRIMARY KEY (`ID`)
) ENGINE=InnoDB DEFAULT CHARSET=latin1;

--
-- Dumping data for table `outcome_type`
--

/*!40000 ALTER TABLE `outcome_type` DISABLE KEYS */;
INSERT INTO `outcome_type` (`ID`,`DESCRIPTION`) VALUES 
 (1,'super'),
 (2,'luz'),
 (3,'aluguel'),
 (4,'fone'),
 (5,'faculdade'),
 (6,'academia'),
 (7,'roupa'),
 (8,'eletro');
/*!40000 ALTER TABLE `outcome_type` ENABLE KEYS */;


--
-- Definition of table `sequence`
--

DROP TABLE IF EXISTS `sequence`;
CREATE TABLE `sequence` (
  `SEQ_NAME` varchar(50) NOT NULL,
  `SEQ_COUNT` decimal(38,0) DEFAULT NULL,
  PRIMARY KEY (`SEQ_NAME`)
) ENGINE=InnoDB DEFAULT CHARSET=latin1;

--
-- Dumping data for table `sequence`
--

/*!40000 ALTER TABLE `sequence` DISABLE KEYS */;
INSERT INTO `sequence` (`SEQ_NAME`,`SEQ_COUNT`) VALUES 
 ('SEQ_GEN','3000');
/*!40000 ALTER TABLE `sequence` ENABLE KEYS */;


--
-- Definition of table `user`
--

DROP TABLE IF EXISTS `user`;
CREATE TABLE `user` (
  `ID` bigint(20) NOT NULL,
  `USERNAME` varchar(255) DEFAULT NULL,
  `PASSWORD` varchar(255) DEFAULT NULL,
  `FULLNAME` varchar(255) DEFAULT NULL,
  PRIMARY KEY (`ID`)
) ENGINE=InnoDB DEFAULT CHARSET=latin1;

--
-- Dumping data for table `user`
--

/*!40000 ALTER TABLE `user` DISABLE KEYS */;
INSERT INTO `user` (`ID`,`USERNAME`,`PASSWORD`,`FULLNAME`) VALUES 
 (1,'rmpestano','rmp','Rafael M. Pestano');
/*!40000 ALTER TABLE `user` ENABLE KEYS */;




/*!40101 SET SQL_MODE=@OLD_SQL_MODE */;
/*!40014 SET FOREIGN_KEY_CHECKS=@OLD_FOREIGN_KEY_CHECKS */;
/*!40014 SET UNIQUE_CHECKS=@OLD_UNIQUE_CHECKS */;
/*!40101 SET CHARACTER_SET_CLIENT=@OLD_CHARACTER_SET_CLIENT */;
/*!40101 SET CHARACTER_SET_RESULTS=@OLD_CHARACTER_SET_RESULTS */;
/*!40101 SET COLLATION_CONNECTION=@OLD_COLLATION_CONNECTION */;
/*!40101 SET CHARACTER_SET_CLIENT=@OLD_CHARACTER_SET_CLIENT */;
